community_parent,tot_pop_univ,white,black,asn,hisp,oth
Acton,7449.4641386030935,5406.691609320231,134.69509346866394,108.45741584454781,1526.2881134730426,273.3319064966008
Adams-Normandie,17180.868265731468,1096.4119684984814,3999.172626087176,1416.1639271074635,10412.629595743108,256.49014829524253
Agoura Hills,20668.52251734873,15395.286305107302,552.5617859303102,1802.0223789199233,2334.09534224357,584.5567051476288
Agua Dulce,3608.952309126253,2757.4619905392938,12.296216244486565,75.16564181428599,608.2713981961447,155.7570623320401
Alhambra,85167.99999999999,7323.999999999994,1385.9999999999993,42976.999999999985,32060.999999999996,1419.9999999999998
Alondra Park,8375.584368658312,1634.3484949775611,1385.5407274482602,1497.3354726065145,3504.277646456385,354.0820271695931
Altadena,44810.860954352334,17531.41794781647,9717.172179151203,3053.6207919283106,12191.205725309148,2317.4443101472
Angeles Crest,660.6123674992144,440.4746180287533,44.10820001966884,25.105198300770198,121.59207599043975,29.332275159582466
Arcadia,57921.56094226652,13037.159936874305,699.1864644573026,35679.94613389449,6605.765175229643,1899.5032318107455
Arleta,34818.60138751239,2837.887016848365,371.63448959365724,3656.526263627353,27599.42180376611,353.13181367690805
Arlington Heights,23530.610048421,1253.7442083345866,3197.6558566304248,4855.653899166731,13859.110466155784,364.44561813346223
Artesia,16853.000000000004,3136.0000000000005,693.0000000000003,6069.000000000003,6279.000000000001,676.0000000000006
Athens,8829.718226600982,98.71724137931031,4592.144827586206,72.56945812807881,3864.4837438423638,201.80295566502457
Atwater Village,14177.883220651509,4080.280885064536,114.0,2904.1530424093426,6348.588199139524,730.861094038107
Avalon,3797.299810246679,1138.8861480075902,14.999999999999998,10.958254269449716,2554.6091081593922,77.84629981024666
Avocado Heights,18050.02091105536,1044.9935735050283,50.35402849841423,1856.4814356148424,15032.462766286404,65.72910715065917
Azusa,47516.90020423628,8963.483734253698,1051.4731526368594,5265.187706342574,31289.975009469228,946.7806015339304
Baldwin Hills/Crenshaw,31195.97996142,2162.8098127126295,17979.27404505261,1481.315716833241,8328.741437888679,1243.8389489328329
Baldwin Park,76185.14820760739,2730.657541867342,1438.4732395380954,14915.485887503704,56196.6602952405,903.8712434578481
Bel-Air,7561.639709983267,5669.666480758508,235.7573898494144,744.319018404908,555.0005577244841,356.8962632459565
Bell,35784.53599197393,1551.5111612741402,356.4755455229496,456.84023074993723,33191.76122397795,227.94783044895908
Bell Gardens,42844.99999999999,1344.9999999999998,216.00000000000014,363.0,40834.99999999999,86.00000000000001
Bellflower,77852.00000000013,12780.000000000016,9999.000000000004,10622.000000000002,42874.999999999985,1576.0000000000007
Beverly Crest,10280.295414337957,8495.146037103741,106.03112115372929,815.1068175482214,518.8816943475362,345.1297441847381
Beverly Grove,22346.207639171073,16487.772450223485,663.8472165786267,2099.618447785453,2096.787484762292,998.182039821211
Beverly Hills,34506.0,27206.99999999997,468.9999999999995,3373.0000000000005,2004.0000000000016,1452.9999999999984
Beverlywood,6521.962546844887,5084.65393343949,184.2774908510841,663.8030815246121,466.3759282994072,122.85211273029286
Boyle Heights,93468.98400783306,2342.7007180156675,993.9771540469984,3091.912532637076,86669.3936031332,370.99999999999983
Bradbury,1150.9999999999998,563.0,16.000000000000004,439.0,118.0,14.999999999999995
Brentwood,33297.23297612008,26776.030524691334,396.7783091427299,2844.0532511159636,1978.1529418886505,1302.2179492814146
Broadway-Manchester,29388.51923206601,177.5010186111635,8375.21921502835,146.89900315344653,20408.477807946885,280.4221873261663
Burbank,104765.00000000004,59401.00000000004,2713.999999999997,12058.99999999998,25700.00000000002,4891.000000000002
Calabasas,25667.301044532524,19913.23433171736,226.7218836389514,2396.194201505398,1917.547200066138,1213.603427604659
Canoga Park,64383.67670050164,13981.661701068371,2632.2924064256144,8430.935321163537,38026.69614123291,1312.091130611204
Carson,92824.47101368973,6764.555397221481,20948.41293025075,26340.907892181684,35399.896795402434,3370.6979986333595
Carthay,4558.277949624392,3008.878921785241,341.65952275740176,300.18360583296504,585.3974812196197,322.15841802916475
Castaic,19588.7602422977,10937.60321804873,646.8594013337204,1946.8863178183447,5319.454828728032,737.9564763688727
Castaic Canyons,34342.98193010948,16161.099098904837,2049.6656586843897,4387.4743204666365,9902.933252062125,1841.8095999914678
Central-Alameda,45046.93085106383,229.34574468085108,4083.861702127659,146.0,40365.72340425534,222.00000000000003
Century City,5869.968813537046,4101.993259076721,187.83220239855427,1078.520800394283,278.1807655659602,223.44178610152787
Cerritos,50699.36351165976,7676.920438957476,3621.0932784636484,30879.631001371767,6707.230452674899,1814.4883401920438
Charter Oak,9987.716531037557,2450.7851543414567,329.22279355114466,1257.5537639925435,5696.448729106238,253.70609004617268
Chatsworth,46468.971231994925,21556.87745460977,1990.864633279739,9412.330673901046,11589.842020061105,1919.0564501432877
Chatsworth Reservoir,9.188514357053682,5.318352059925093,0.4094881398252185,0.34956304619225964,2.3570536828963795,0.7540574282147317
Chesterfield Square,6403.623290481198,109.69298543218916,2947.335320566003,103.96506522227956,3204.663273511224,37.96664574950072
Cheviot Hills,7610.150951298013,5763.825971362035,170.04506710206854,691.8399533127972,794.6271935789647,189.8127659421477
Chinatown,10699.620110646432,1024.5723477407987,601.2219967560169,6414.277897786425,2446.952611734936,212.59525662825803
Citrus,13675.715254587967,1799.5218269967272,307.03364082221606,1224.7994548287418,10204.499257061409,139.8610748788583
Claremont,37119.07821621694,18603.897476642887,1974.5429452493136,4928.071716587938,9946.86466618768,1665.7014115490358
Commerce,13173.464008026082,270.4888387258589,357.5244544770505,140.15976925006268,12199.23877602207,206.0521695510409
Compton,98899.16929096461,1157.812648339065,29693.435159016983,1155.3002173242517,66205.28910217293,687.3321641114122
Covina,53671.66907080882,13055.580655029557,1898.8025262547328,6924.250907778121,30517.243358745523,1275.7916230008914
Cudahy,24146.0,675.9999999999999,41.00000000000001,113.0,23234.0,81.99999999999999
Culver City,39667.41331295636,18576.162845984032,3011.8171166581765,6300.412633723887,9573.087790796404,2205.932925793853
Cypress Park,10030.82808305369,684.7692521219893,55.20779214370314,969.514898341887,8260.102545153968,61.233595292143704
Del Aire,10624.438439678048,2828.5789200477248,895.3116180559582,785.3128942056697,5733.933635370272,381.30137199842613
Del Rey,30148.342812567687,11466.820107591111,988.9949421392216,4733.044707201136,11514.194761078516,1445.2882945577082
Desert View Highlands,2420.0159685993845,631.6371943767616,248.72039483734463,148.42874710703398,1251.4245518289654,139.80508044927856
Diamond Bar,56384.0483489485,11099.49473826434,2236.920967900829,30986.414045477755,10624.883283209749,1436.3353140958209
Downey,113358.0,15640.999999999998,3907.999999999997,8593.0,83937.00000000001,1278.9999999999995
Downtown,45421.25813994089,12930.9920985202,7691.393789133133,11509.877164940146,11099.001579180018,2189.9935081674257
Duarte,21832.0,5271.999999999995,1514.0000000000002,3745.0000000000014,10666.0,634.9999999999999
Eagle Rock,34227.66200817978,10093.42404750303,448.90071322159105,9333.474621083586,13335.626674440402,1016.2359519311699
East Hollywood,68385.90774369403,14382.547321593604,1921.1765325218537,12514.050863422104,38215.80104845643,1352.3319776999915
East Los Angeles,123499.28723888373,2306.641425778462,275.00000000000017,1695.0870619804339,118781.55875112489,440.99999999999983
East Pasadena,6365.09023551204,1468.6988621328396,94.77136808679536,1906.0460439269648,2687.1836464673183,208.39031489812118
East Rancho Dominguez,15346.427051402405,190.2024833004685,2346.3692576494323,60.534364922491065,12545.810305986879,203.51063954313125
East San Gabriel,22464.993940030938,3640.0087095595077,214.38008318495693,12651.45264076496,5485.596128789124,473.55637773237675
East Whittier,10539.999999999996,3791.0,42.00000000000001,575.9999999999999,5947.000000000003,184.00000000000003
Echo Park,36814.12849563162,10023.900688288872,1255.1337311138766,6148.275456014101,18338.010496727748,1048.8081234870274
El Monte,115864.46006941893,4719.355295441719,504.3490996140842,34115.492254977435,75650.66757991702,874.595839468761
El Segundo,16928.999999999978,10943.000000000013,283.00000000000017,1549.9999999999993,3024.000000000002,1129.0
El Sereno,42181.701944934655,3235.030556979015,560.3963138225225,4223.060496235985,33626.68911664246,536.5254612546125
Elizabeth Lake,1882.8621663257813,1277.9520865047532,10.432111750265813,16.016713501389848,504.97657981828735,73.48467475108484
Elysian Park,2537.2832724786103,283.2805292170958,74.1042230240937,814.5939342441942,1324.682578239316,40.622007753910076
Elysian Valley,6733.059696119829,747.6634457303118,93.24958092904804,1536.1331732267388,4298.5260791077,57.48741712603289
Encino,47784.81775472521,35661.854143130644,1530.0583558133285,3559.750056827712,5403.563563398369,1629.591635555137
Exposition Park,35128.5729357815,1433.2805526752752,7457.911178946672,1596.8678110504216,23786.583399895568,853.9299932135747
Fairfax,12314.415826040391,9347.740510213074,436.7953482235562,870.1837350249156,1060.7636748557163,598.9325577231274
Florence,53532.99999999998,337.0,9869.000000000004,92.0,42943.000000000015,291.99999999999983
Florence-Firestone,63814.918360042626,339.9182988890439,4661.889632107021,164.99297658862866,58271.22588619281,376.8915662650602
Gardena,60095.99999999995,5864.999999999997,13946.000000000005,15576.000000000005,22706.999999999985,2002.0
Glassell Park,23219.874105393006,4039.044018104015,332.0793148684757,4190.4640260339775,14049.770789021535,608.5159573650225
Glendale,200520.7310077082,123067.40943140439,3139.999999999997,31737.294493495443,36483.777004597054,6092.250078211217
Glendora,52856.93124339469,27008.438473507777,1169.1320066370608,5801.828858100336,16673.254085011904,2204.277820137527
Gramercy Park,10907.999999999996,95.00000000000004,8545.0,72.99999999999996,1957.0000000000007,238.00000000000009
Granada Hills,55829.119872440446,23945.953314870763,2160.297969117155,9550.719133937566,18087.785767035923,2084.363687479019
Green Meadows,35610.48076793397,265.49898138883634,9915.780784971652,101.1009968465536,25032.522192053097,295.5778126738341
Green Valley,997.5988266149844,759.2221413223227,2.698659139026112,24.3248098779216,176.0151314264949,35.33808484921896
Griffith Park,3.928571428571428,0.0,0.0,2.357142857142857,1.5714285714285712,0.0
Hacienda Heights,54387.94847139868,6953.7150206558645,570.748987115613,21118.30372671869,25092.737107164237,652.4436297442614
Hancock Park,10253.441540869164,7212.616164168327,137.3584122140385,1652.2458084835425,864.5013448421256,386.7198111611278
Hansen Dam,82.96607538802661,41.79243163340725,4.5461788617886185,4.130731707317073,30.134619364375464,2.362113821138211
Harbor City,26874.895732113888,4462.246459375271,2949.790489179547,5645.162008356252,12944.452487663815,873.2442875389752
Harbor Gateway,41826.99999999997,3058.0000000000005,6431.000000000002,7336.999999999997,23825.000000000007,1175.9999999999995
Harvard Heights,19775.428732603534,965.6952744846651,1524.5979675789813,4111.466209722387,12941.259922354819,232.40935846267712
Harvard Park,11359.524534517426,173.97679367133514,4202.212602861674,109.03213768251896,6811.937681911129,62.365318390768785
Hasley Canyon,1248.712481183224,574.7703623825711,32.95318805265513,56.05421499127531,531.9054123753399,53.02930338138225
Hawaiian Gardens,14330.4266337846,1212.4333342225852,694.4785210330039,1774.1491510142127,10451.742039626353,197.623587888452
Hawthorne,88988.6617009254,8600.547270753352,19892.2861923053,7319.560198163041,48658.747432703574,4517.520607000224
Hermosa Beach,19749.99999999998,15624.999999999995,236.0,1190.9999999999995,1781.0,917.0
Hidden Hills,1837.2525252525254,1447.831295410243,0.0,166.75385433280175,162.47811447811452,60.18926103136632
Highland Park,55575.375626879715,8363.955191831086,873.631719000432,5961.480778023573,39161.22368559442,1215.084252430165
Historic South-Central,50742.51035158866,567.6125045059207,3294.8309718031987,636.1939308992601,46030.350912279355,213.5220321010371
Hollywood,72952.70340053742,33268.65161751698,4807.786391543122,5405.534016195281,26643.2297164398,2827.5016588422045
Hollywood Hills,21975.83860406825,16314.577354718624,692.3558324233061,1540.8585559712742,2346.715480205061,1081.3313807499671
Hollywood Hills West,16368.512193239265,12743.282326496641,776.1837737942709,785.0651844055212,1345.6604769317696,718.3204316110538
Huntington Park,58999.08163995747,915.0817011109559,492.1103678929765,472.00702341137156,57029.77411380722,90.10843373493978
Hyde Park,36288.64825013322,857.1232901048143,19671.246402558187,356.6203588559245,14457.762835317102,945.8953632972107
Industry,226.3000524218287,16.119195939153244,1.559420988380757,36.93773115637528,168.97306263964856,2.7106416982708663
Inglewood,110985.57073814928,4119.314673596315,45041.38988138581,1777.2756917370114,57454.512149879854,2593.0783415502633
Irwindale,1370.9999999999998,73.99999999999999,0.0,13.0,1279.0000000000005,5.000000000000001
Jefferson Park,25785.41147956234,1618.9097322517066,8438.506698084868,970.4878935067787,14045.762339908071,711.7448158109129
Koreatown,107813.83164251618,9689.024430692169,5148.559174841837,41544.41170057988,48974.42518855528,2457.411147847078
L.A. County Jail,7645.492325256882,1450.721806418876,2484.125586705569,241.15894963846247,3244.341494354941,225.1444881390333
La Canada Flintridge,20539.26732600817,11838.576930081057,44.598240955857925,6002.800533378039,1880.7046205037439,772.5870010894901
La Crescenta-Montrose,18825.07729653577,9846.37498305236,60.401759044142075,5129.1066537988,3212.4259379243817,576.7679627160937
La Habra Heights,6635.0729376898025,3328.6951132512418,13.990705988658615,1105.96448111329,2034.8939436310209,151.5286937055936
La Mirada,49161.99999999998,16450.000000000007,1058.0,9500.999999999996,20351.00000000002,1802.000000000001
La Puente,40186.79762557748,1407.8060225080765,402.94319364927236,4302.300194854582,33869.873368412096,203.87484615340625
La Verne,33573.928162800665,16783.439124801025,1268.3088529129577,2531.0970026048362,12164.070350092461,827.0128323893969
Ladera Heights,7115.787746846818,1008.619137361912,4899.78318614273,380.3455797507483,429.422882935621,397.6169606558062
Lake Balboa,27605.957627118652,10158.005084745764,1170.3050847457632,3025.494915254238,12235.896610169497,1016.2559322033895
Lake Hughes,641.644558832236,320.49659912159285,27.387958137583126,46.058765467525184,226.4760002437379,21.22523586179716
Lake Los Angeles,11731.910594338198,3924.035482742689,1262.5049771623815,119.19114972582355,6218.8840878753745,207.2948968319321
Lake View Terrace,11967.474080958003,2649.594092974428,1295.2855840995735,749.477866298216,7043.908721559519,229.20781602626136
Lakewood,81459.09769053973,29310.01747658821,6039.360397885919,15394.936254391192,27633.492554968234,3081.291006706143
Lancaster,161585.7656664827,53266.63401227399,33629.8934753393,6661.215830820337,62494.469753733116,5533.5525943160665
Larchmont,8728.410146480886,2260.867452661665,394.00000000000006,2300.6387995712757,3368.5609146123625,404.34297963558413
Lawndale,33191.00000000001,4873.000000000001,3313.0000000000014,3569.0000000000014,20402.999999999975,1033.0
Leimert Park,11664.860357974829,552.0396636680466,8006.21051855799,420.6761151260697,2255.093220933589,430.8408396891395
Lennox,21432.82546618469,362.7114158997903,654.7264504174659,406.188071685044,19943.53471801558,65.66481016681132
Leona Valley,1741.3443511704654,1303.5214186441874,134.76147178219654,36.3796425079107,225.16805364409896,41.513764592073066
Lincoln Heights,28466.078308924687,1434.3587898687604,158.75492010643669,6632.726796791393,19963.486647495138,276.75115466294534
Littlerock,1479.0472611597024,417.97016113894637,80.23124234195777,11.577985334885168,905.0302302047617,64.23764213915169
Lomita,20610.30412670736,9026.087910491131,878.4664341761114,3435.748328974133,6291.98619587329,978.0152571926764
Long Beach,471595.5841374822,130831.26495244856,58180.99596629489,65413.13667375616,201734.44299544347,15435.743549537605
Lopez/Kagel Canyons,1240.7892100926351,341.39201433031377,100.53673002712526,53.45658549567531,718.1452651619838,27.258615077537225
Los Feliz,33198.82085593122,22299.89390754528,735.8389272684085,3930.436530676947,4946.186935922932,1286.4645545176354
Lynwood,71686.45201212111,1581.9223234937494,5773.667545033944,879.2655127969065,63081.40235978463,370.194271011931
Malibu,12888.929773143635,10271.3233819114,260.152858956014,627.6635936142669,1125.9721095925004,603.817829069455
Manchester Square,11831.936233673654,290.90501339650064,8233.147623081639,128.8900078303168,2900.180799178805,278.81279018638514
Manhattan Beach,35698.000000000015,26678.000000000084,165.00000000000009,3771.0000000000014,3054.0000000000014,2030.0000000000007
Mar Vista,37579.241390408766,18640.537174122943,1717.9588027035725,4950.800128741551,10514.368200836823,1755.5770840038615
Marina del Rey,9691.0,6751.0,653.0,892.0000000000001,923.0,472.0
Mayflower Village,5735.046078584498,1499.462982136789,28.15622429400512,2513.526704890209,1532.7251668611925,161.17500040230325
Maywood,27700.0,410.00000000000017,132.00000000000003,49.99999999999999,27066.00000000001,41.99999999999999
Mid-City,50318.87914118763,8752.62575255576,11736.056659280495,2974.2461090287816,24992.55548923459,1863.3951310879893
Mid-Wilshire,45571.085850496165,18313.77552530073,5811.404329919174,10164.042625752903,8820.088271392286,2461.775098131064
Mission Hills,20348.10434580525,3664.813850801765,363.5117359981408,1918.8724145944675,14116.906344410889,283.9999999999999
Monrovia,37678.81141426894,13567.568228973645,1796.6630721753222,5084.175257541061,15905.868938682708,1324.5359168961472
Montebello,63706.83911090863,4783.483358783242,774.3146394415701,8205.166414346004,49343.624676723135,600.2500216146357
Montecito Heights,16899.40710438496,2507.043681541918,673.4632715457927,3243.948541359397,10001.215204763512,473.73640517434893
Monterey Park,61476.758620689725,2375.9177301113227,195.00000000000009,40918.6638609829,16815.177029595452,1172.0000000000005
Mount Washington,13045.08901222506,3485.9629124459193,389.4187477681132,1851.6824489019643,7087.146315364525,230.8785877445337
North El Monte,3602.627837651915,989.4421004356797,13.659252465030956,1613.499197431781,884.4365971107545,101.59069020866778
North Hills,61373.322222222225,10201.20277777778,1925.205555555556,8737.96666666667,39342.577777777784,1166.3694444444445
North Hollywood,77374.91316092832,26017.47029584439,4650.729359554908,5417.507551105212,39417.21927964502,1871.9866747787273
North Whittier,1591.3637740039733,120.46742434987104,1.94277145467608,115.22130068490988,1334.037281680735,19.694995833781363
Northeast Antelope Valley,3585.3579792784367,1691.0519339089014,224.45324451989964,82.67966857761479,1463.2590794588473,123.91405281317404
Northridge,68070.12439221705,25831.82935591118,4772.087902068825,11744.547144965445,23684.012042454036,2037.6479468175644
Northwest Antelope Valley,3835.1359580465887,2622.7077052897907,222.26495606850872,98.98367546677824,803.619490742885,87.56013047863019
Northwest Palmdale,3738.279915757229,2326.363392686199,139.21233007849906,219.04499329887048,944.136703044227,109.52249664943524
Norwalk,106535.35325134594,11434.565790216267,4063.906041495547,14448.59341209306,75038.98478023903,1549.3032273020046
Ocean,0.0,0.0,0.0,0.0,0.0,0.0
Pacific Palisades,24605.402412619824,20374.028456541924,150.04206619239113,1296.429322610578,1461.2304361274346,1323.67213114754
Pacoima,81042.39069404495,2497.614042673762,3157.1939104638973,2257.4532494133177,72658.97461055472,471.1548809391688
Palmdale,158258.5893038885,35125.7485302957,19072.494291309977,6713.938914236961,93236.82433192113,4109.583236124558
Palms,41980.46170376626,17900.361674132477,3498.5236899413585,9558.015565989477,8929.649829642043,2093.910944060914
Palos Verdes Estates,13590.999999999995,8907.999999999998,89.00000000000001,2785.0000000000005,1229.0000000000002,580.0
Panorama City,69659.39861248762,5558.1129831516355,1854.3655104063428,10348.473736372644,51322.57819623392,575.8681863230925
Paramount,55019.99999999999,2698.9999999999977,4789.000000000001,2158.0,44829.00000000004,544.9999999999999
Pasadena,142549.11992949236,52632.24641412834,13853.634477911442,22782.738235264045,48830.077129975754,4450.423672212978
Pico Rivera,63617.99690548735,3802.468559411047,456.98460692328825,1864.3435025271435,56923.94248291919,570.257753706748
Pico-Robertson,19462.366783787176,14585.849385994778,793.8408199083191,1589.7833858693564,1845.946594033989,646.9465979807305
Pico-Union,42080.12793434239,1154.902298253203,1107.123905307645,4355.11992551154,35224.5724030881,238.4094021818777
Playa Vista,11390.793565224249,5495.994185909696,990.2900275415782,2880.3444209744375,1695.2698927486379,328.8950380498964
Playa del Rey,10842.04349713484,6956.620519110858,571.5113014836239,1316.7285275212776,1314.050321932308,683.1328270867704
Pomona,155086.58727504668,18605.073286527975,9255.586749243386,15423.1275734761,108692.28815039172,3110.511515407535
Porter Ranch,26662.54132345513,13858.41533347668,607.0537556925711,7787.030808704004,3469.026288223009,941.015137358871
Quartz Hill,10548.999693657312,5636.737293721334,967.8956921863353,508.68605205439684,3065.986532722091,369.69412297315847
Rancho Dominguez,3225.306451612902,786.1136534133533,927.3608402100523,124.68717179294822,1314.0858964741187,73.05888972243064
Rancho Palos Verdes,42549.315775828465,22231.00591714916,813.8316422019516,12465.81510129582,4845.0365861040555,2193.6265290774627
Rancho Park,4406.403816032739,2235.694458332151,135.70792584405618,1191.2726416748546,657.3710606819956,186.3577294996813
Redondo Beach,67949.99999999999,42022.00000000002,1879.000000000002,8323.999999999995,11606.000000000016,4119.000000000005
Reseda,72724.32959695705,20659.61394616552,3047.2243504905705,8475.622271332048,38707.55396980746,1834.315059161464
Ridge Route,556.1470062828279,310.14205034291336,25.15897044425064,32.30087159332077,171.44071884382808,17.104395058514694
Rolling Hills,2996.733644859813,2025.0249221183801,18.207165109034268,594.831256490135,242.59293873312564,116.0773624091381
Rolling Hills Estates,8939.646452604371,4978.881250241306,185.49475851290163,2548.6053132399124,857.3842792895275,369.2808513207222
Rose Hills,3033.7671374440233,576.4350671718912,15.448846021357221,490.50086117809167,1862.5514984498795,88.83086462280399
Rosemead,55266.108628839735,1980.927296784043,69.68651533303047,34204.7702126684,18490.52060769016,520.2039963641231
Rowland Heights,50857.596008826535,5481.452990113668,610.1037549668488,31016.601437378937,12876.088707167331,873.3491191997238
San Dimas,35067.98951865941,16132.245131851469,790.129367793458,5414.488389017696,11706.373134025695,1024.7534959711327
San Fernando,24581.0,1073.0000000000002,365.00000000000006,313.00000000000017,22719.99999999999,109.99999999999996
San Gabriel,40247.66223793051,4922.840223453673,239.33192300818055,24544.438768343774,10029.88187103607,511.1694520888086
San Marino,13331.000000000005,4292.999999999995,173.99999999999997,7204.000000000006,1304.0000000000016,355.99999999999983
San Pasqual,1966.0,1034.0,104.0,397.00000000000006,364.00000000000017,67.0
San Pedro,84353.85922293985,28793.500486306173,5219.949790316213,5611.331014320291,41235.28957245099,3493.7883595461894
Santa Clarita,195022.4669111077,92590.6007298881,7931.583130734448,20333.530422942706,65595.7084948275,8571.044132715328
Santa Fe Springs,18233.42473023299,1621.8148248162845,680.5266601517595,885.9283470325947,14733.271783205302,311.88311502705074
Santa Monica,92494.99999999993,60076.00000000006,3837.0000000000014,9213.999999999996,14828.0,4539.999999999994
Sawtelle,40504.46555103741,19592.685176507337,1351.5924478851582,8368.41475529485,9003.589956036678,2188.1832153133964
Sepulveda Basin,276.8732890062138,169.95434582054742,12.146219319344759,22.468053312100164,53.24031960844539,19.064350945776106
Shadow Hills,13821.209296784897,9567.544704659798,144.0,1182.5372264253758,2619.6134496698714,307.51391602985717
Sherman Oaks,70134.93468103523,48070.76175461875,3549.927138138947,5635.357011611856,9681.29279435526,3197.595982310357
Sierra Madre,11061.0,7370.000000000005,129.00000000000003,1256.0000000000002,1797.0000000000007,509.00000000000017
Signal Hill,11514.69482543641,3694.983167082295,1215.4286159600995,3052.266832917705,3305.879675810473,246.1365336658355
Silver Lake,30053.71566561372,14896.884381688404,878.9169382643222,4736.812966633162,8556.478040161148,984.623338866684
South Diamond Bar,0.0,0.0,0.0,0.0,0.0,0.0
South El Monte,21726.96802919282,739.834529840379,23.36204317161787,3475.7424649124478,17416.09275722439,71.93623404400644
South Gate,95420.00000000007,3032.999999999997,575.0000000000002,684.0000000000001,90884.0,244.00000000000003
South Monrovia Island,6508.457440026132,715.233906882162,557.2760182466874,704.7002236732898,4446.1460215038705,85.10126972012152
South Park,33263.24852650917,245.33670033670032,3781.666353187044,184.5999453630284,28827.72101064737,223.92451697502412
South Pasadena,25977.116577540102,10881.42994652407,762.1700534759358,7549.581818181818,5235.757219251337,1548.1775401069526
South San Gabriel,8314.926537486936,516.3583882207517,38.773974461470296,4306.109872938947,3347.837315049981,105.84698681578266
South San Jose Hills,20018.029561592826,584.4123121917802,220.01405056776062,2102.8617010754488,16956.876453019348,153.86504473848518
South Whittier,59995.714105934334,8608.360953739082,404.8045321703203,2884.5176032440113,46599.850445759424,1498.1805710214512
Southeast Antelope Valley,6277.152163411695,2890.4950279282048,289.549039787762,155.4467928572739,2645.043425961177,296.6178768772813
Stevenson Ranch,18099.906886981593,9964.467877280977,547.0785056208366,3999.0723235328387,2872.9235669660816,716.3646135808548
Studio City,39649.04981817216,28070.719676004883,2190.843660212542,2789.335820370371,4846.982847262232,1751.1678143221595
Sun Valley,74400.62994720173,14067.503879230044,1523.1760468946247,5338.548859146935,52438.419419064645,1032.9817428655251
Sun Village,12679.062173035945,2674.3854554953505,1272.2988599450966,159.97110968875128,8250.862084298564,321.5446636081902
Sunland,16105.326647010923,9253.73836336962,560.2394639773169,1633.7585128118326,4221.556488497771,436.0338183543904
Sylmar,82316.37328479784,9938.442667612804,2033.101769346388,3952.153703500312,65166.104205228214,1226.570939110209
Tarzana,38359.55468026887,25248.428373251845,1619.69947109535,2948.890898593587,6947.640493381022,1594.8954439470667
Temple City,37019.100897460485,5798.978692899104,395.47220430541284,22223.884217478368,7968.830426970354,631.9353558072696
Toluca Lake,9051.945831981837,6294.37885176776,457.46286084982165,761.8832306195263,1214.6227700291922,323.5981187155368
Topanga,7984.163371604006,6662.5572294899985,37.210949040009034,382.7932800369168,572.8044751729923,328.79743786408795
Torrance,147189.9999999999,57829.00000000005,3511.000000000004,52214.00000000005,25657.000000000033,7978.999999999995
Tujunga,27382.451401769584,16416.113994353964,432.99159293325204,1823.1449018223136,7986.020422071336,724.1804905886987
Tujunga Canyons,1934.4742709431232,1295.2541477685775,50.681507816272365,80.77294399241818,416.9659253295623,90.79974603629229
U.S. Department of Veterans Affairs,983.3646112600536,351.941018766756,332.17962466487944,71.51742627345843,181.61662198391426,46.10991957104558
Unincorporated Catalina Island,266.225806451613,156.48387096774192,0.0,21.677419354838705,73.16129032258063,14.903225806451614
Unincorporated San Nicholas,4.47438330170778,2.629981024667932,0.0,0.36432637571157495,1.2296015180265654,0.2504743833017078
Unincorporated Santa Monica Mountains,9817.864121041412,6998.192851541872,261.94369892944854,949.3462616381807,1142.689821027148,465.69148790476214
Unincorporated Santa Susana Mountains,4449.837086826176,2253.061285021539,97.0020944714514,823.3939693426672,1039.0331766561542,237.3465613343647
Universal City,0.0,0.0,0.0,0.0,0.0,0.0
University Park,24720.70887434833,6735.100369291865,1543.4030066069488,7087.394425882494,8458.762195377767,896.0488771892618
Val Verde,2738.607073954984,752.3035369774921,106.33826366559485,84.11832797427654,1729.9807073954987,65.86623794212221
Valinda,23889.766167433794,1431.0628649764278,441.3300915035412,4315.434068277676,17459.330801766282,242.60834090987237
Valley Glen,59676.3967926671,29588.88099788708,2435.0196748321464,3235.183142521939,22939.96547000638,1477.347507419552
Valley Village,26899.91174580535,16747.76598111738,1706.0587351644074,1479.4943822083442,5828.085501098183,1138.5071462170454
Van Nuys,111349.61730887227,24051.958626198266,4859.897391276985,8096.586609485093,72305.20621035209,2035.9684715600154
Venice,35754.78577120287,25001.81977472265,2267.8802647477623,1451.1267612539218,5806.572043617683,1227.3869268607828
Vermont Knolls,21875.978138834427,173.3503501880827,7422.680932073101,207.63078199311204,13710.195506118325,362.12056846180167
Vermont Square,50463.09757744089,675.4817413223507,13339.537542989548,610.4354537743851,35020.38764280957,817.2551965450084
Vermont Vista,25420.99999999999,273.99999999999994,8481.0,84.00000000000007,16238.000000000016,343.99999999999994
Vermont-Slauson,28081.754597560503,212.84847957412453,6513.91453358278,160.56734332081638,21036.01140176809,158.4128393147227
Vernon,58.0,7.0,1.0,3.0,47.0,0.0
View Park-Windsor Hills,11272.351749866755,768.8767098951859,8906.753597441815,264.3796411440756,1010.2371646828926,322.10463670278887
Vincent,16605.229024116106,2298.936991126716,223.59350379547746,1628.990154614407,11992.594293996422,461.1140805830854
Walnut,30079.883224484118,3236.115490168833,870.6273709442087,19118.31854026264,6176.841103314107,677.9807197943446
Walnut Park,15915.0,216.0,0.0,107.00000000000004,15472.999999999998,119.0
Watts,45420.999999999985,340.99999999999983,10530.000000000002,355.99999999999983,33724.0,470.0
West Adams,21323.699435672155,1274.477995090867,5428.167261164455,440.5014995313452,13855.876538021404,324.6761418640732
West Carson,22259.999999999996,3726.0000000000014,2481.0,7191.999999999997,8261.000000000002,600.0
West Covina,109892.7850496027,13365.291598868696,4130.668771775294,29882.499488268724,60467.73367863235,2046.591512057841
West Hills,42166.333796991225,25924.391208032954,1553.6704204117154,6441.4675511202,6567.9444609082775,1678.860156518086
West Hollywood,36139.466232709514,26977.82072145376,1573.4054787089774,2039.2253864930842,4074.4269053430944,1474.5877407106068
West Los Angeles,14715.60736391714,9891.080545807634,335.5478486499151,2871.8074230214643,962.5103578780628,654.6611885600769
West Puente Valley,25099.731826790838,942.567151519738,386.62838905685595,2531.5058691774775,20950.31674274643,288.7136742903369
West Rancho Dominguez,22775.541460201966,268.41768963386687,10707.303142706052,327.5097012149907,11205.051094639148,267.2598320079132
West Whittier-Los Nietos,27227.533396420553,2263.9125222736484,219.027922841179,399.47251988642057,23983.477874027198,361.6425573921107
Westchester,42154.79296346162,20773.20823854273,5530.364661384238,5830.955454307677,7643.544779786046,2376.719829440978
Westlake,112188.21337418482,7452.754213305153,4890.558963199323,21627.779815980957,76611.2267208014,1605.8936608980046
Westlake Village,8371.96664707717,6579.574604821816,183.40882350526704,677.2264299525119,722.4129374195372,209.34385137804108
Westmont,33581.08562749192,581.7446364154163,15132.171444845251,112.47921017657104,17219.62369470287,535.0666413518134
Westwood,53925.62617846967,28775.46196009647,1271.603376452532,15207.920850690633,6206.08221881166,2464.557772418329
Whittier,86370.04425980439,21155.317050003832,1130.5755686666062,4284.6149296562,58271.37096222872,1528.165749249157
Whittier Narrows,533.3473883814057,25.83862184498005,0.07050847457627119,298.15292570431006,204.68570533128772,4.599627026251613
Willowbrook,22911.82943276478,241.27687425624717,5368.1876239587455,250.30622768742558,16811.9071796906,240.15152717175727
Wilmington,55159.24504494621,2667.2530543185376,739.2597205042389,1197.5069773234602,50071.2579398851,483.96735291483424
Windsor Square,5663.4845351908225,1877.7098658574216,240.41795527337018,2716.6646256763684,541.8245519965403,286.8675363871233
Winnetka,52135.96044841559,12732.034448565935,1964.192137634781,8803.554893123495,27145.923799984503,1490.2551691068993
Woodland Hills,69060.62827111014,45771.62133790661,3149.3008596283466,8614.052763910642,8834.199847257974,2691.4534624064336
