community_name,community_type,community_parent,tot_foreign_born_univ,native,foreign_born,pct_tot_foreign_born_univ,pct_native,pct_foreign_born
Acton,Unincorporated neighborhood,Acton,7226.242164024438,6443.588906448935,782.6532575755127,1.0,0.8916929103937435,0.10830708960625775
Adams-Normandie,Incorporated neighborhood,Adams-Normandie,17173.318152899843,9911.402757721442,7261.915395178398,1.0,0.5771396459016761,0.42286035409832373
Agoura Hills,City,Agoura Hills,20631.057701327867,16948.295932743382,3682.761768584486,1.0,0.821494281975303,0.17850571802469703
Agua Dulce,Unincorporated neighborhood,Agua Dulce,3500.769738729277,3223.039555396993,277.73018333228083,1.0,0.9206659666130753,0.07933403338692376
Alhambra,City,Alhambra,84866.00000000006,42566.999999999985,42298.99999999987,1.0,0.5015789597718752,0.49842104022812245
Alondra Park,Unincorporated neighborhood,Alondra Park,8646.624414952976,5863.85969703715,2782.7647179158253,1.0,0.6781675039448375,0.3218324960551625
Altadena,Unincorporated neighborhood,Altadena,44649.864898641405,35563.27982745372,9086.585071187636,1.0,0.796492439746124,0.20350756025387481
Angeles Crest,Unincorporated area,Angeles Crest,663.2325656677483,592.2220317367257,71.01053393102238,1.0,0.8929326791130521,0.10706732088694763
Arcadia,City,Arcadia,57302.06959552707,29965.871989292897,27336.19760623417,1.0,0.5229457190780418,0.4770542809219582
Arleta,Incorporated neighborhood,Arleta,33793.35163528245,17915.96769078295,15877.383944499497,1.0,0.5301624971722994,0.46983750282770054
Arlington Heights,Incorporated neighborhood,Arlington Heights,24086.325635669702,11994.422774696142,12091.902860973554,1.0,0.4979764434029519,0.5020235565970479
Artesia,City,Artesia,16789.0,8715.0,8074.000000000003,1.0,0.5190898802787539,0.4809101197212462
Athens,Unincorporated neighborhood,Athens,8017.966502463056,5992.972413793101,2024.9940886699508,1.0,0.747442934807985,0.25255706519201454
Atwater Village,Incorporated neighborhood,Atwater Village,13603.0073755378,7700.760295021511,5902.247080516289,1.0,0.5661071910370158,0.4338928089629843
Avalon,City,Avalon,3730.0626185958254,2882.569259962049,847.4933586337761,1.0,0.7727937985789596,0.22720620142104028
Avocado Heights,Unincorporated neighborhood,Avocado Heights,16239.799766237273,10597.549029249654,5642.250736987621,1.0,0.652566483687938,0.3474335163120622
Azusa,City,Azusa,47322.47614128887,33126.659329082424,14195.816812206467,1.0,0.700019568506463,0.2999804314935375
Baldwin Hills/Crenshaw,Incorporated neighborhood,Baldwin Hills/Crenshaw,30802.70609926677,24167.767922067753,6634.938177199025,1.0,0.7845988545351554,0.21540114546484485
Baldwin Park,City,Baldwin Park,76537.56767290222,42622.20758157457,33915.36009132759,1.0,0.5568795674789228,0.4431204325210764
Bel-Air,Incorporated neighborhood,Bel-Air,7626.865030674848,5479.261015058561,2147.6040156162853,1.0,0.7184158881822692,0.2815841118177306
Bell,City,Bell,35716.966892400305,20625.484825683456,15091.482066716831,1.0,0.5774702227044943,0.42252977729550517
Bell Gardens,City,Bell Gardens,42804.99999999998,24345.00000000001,18460.0,1.0,0.5687419693960991,0.4312580306039016
Bellflower,City,Bellflower,77687.00000000004,53684.00000000002,24003.00000000001,1.0,0.6910293871561521,0.3089706128438477
Beverly Crest,Incorporated neighborhood,Beverly Crest,10599.07266580986,7873.54864484427,2725.5240209655967,1.0,0.7428525959862984,0.25714740401370234
Beverly Grove,Incorporated neighborhood,Beverly Grove,22180.34295002031,16448.225518082087,5732.117431938239,1.0,0.7415676824810784,0.2584323175189223
Beverly Hills,City,Beverly Hills,34627.0,21188.999999999975,13438.000000000016,1.0,0.6119213330637934,0.38807866693620635
Beverlywood,Incorporated neighborhood,Beverlywood,6658.303378404139,5136.612645359528,1521.6907330446134,1.0,0.771459687766686,0.2285403122333143
Boyle Heights,Incorporated neighborhood,Boyle Heights,93156.89719321141,51227.32408616187,41929.573107049626,1.0,0.5499037175949967,0.4500962824050042
Bradbury,City,Bradbury,928.7616099071208,627.0154798761611,301.7461300309597,1.0,0.6751091703056769,0.32489082969432304
Brentwood,Incorporated neighborhood,Brentwood,32491.852651402398,25326.079828577447,7165.77282282494,1.0,0.7794593955689484,0.22054060443105125
Broadway-Manchester,Incorporated neighborhood,Broadway-Manchester,28775.547362037247,18868.560019404278,9906.987342632974,1.0,0.6557150688399077,0.34428493116009246
Burbank,City,Burbank,104583.00000000007,68764.00000000009,35819.000000000065,1.0,0.6575064781082971,0.3424935218917036
Calabasas,City,Calabasas,23294.40265069943,17691.29192387181,5603.110726827616,1.0,0.7594653612352071,0.24053463876479267
Canoga Park,Incorporated neighborhood,Canoga Park,62552.9144880927,34177.38528071675,28375.529207375897,1.0,0.5463755855408241,0.45362441445917506
Carson,City,Carson,92832.50867805447,60704.251449411066,32128.257228643364,1.0,0.6539115694905432,0.3460884305094564
Carthay,Incorporated neighborhood,Carthay,4641.140079540432,3863.6257180733533,777.514361467079,1.0,0.8324734121052281,0.16752658789477193
Castaic,Unincorporated neighborhood,Castaic,19515.17254518298,16154.782630984422,3360.389914198559,1.0,0.8278062924415178,0.1721937075584822
Castaic Canyons,Unincorporated area,Castaic Canyons,35308.971515419726,28608.370394683192,6700.601120736525,1.0,0.810229501649168,0.1897704983508318
Central-Alameda,Incorporated neighborhood,Central-Alameda,42832.92021276595,23508.521276595744,19324.39893617021,1.0,0.5488423661011385,0.4511576338988616
Century City,Incorporated neighborhood,Century City,6024.470354526039,4443.175742401841,1581.2946121241996,1.0,0.7375213887580657,0.2624786112419345
Cerritos,City,Cerritos,49796.99999999997,27313.00000000001,22484.0,1.0,0.5484868566379506,0.4515131433620502
Charter Oak,Unincorporated neighborhood,Charter Oak,9830.559951263544,7699.453260946418,2131.106690317128,1.0,0.7832161442601029,0.21678385573989734
Chatsworth,Incorporated neighborhood,Chatsworth,42826.315638374035,28877.43712113592,13948.878517238063,1.0,0.6742918855074383,0.3257081144925605
Chatsworth Reservoir,Incorporated neighborhood,Chatsworth Reservoir,18.063670411985022,7.395755305867665,10.66791510611735,1.0,0.4094270509364848,0.5905729490635149
Chesterfield Square,Incorporated neighborhood,Chesterfield Square,6518.639059348501,4508.399198813096,2010.2398605354056,1.0,0.6916166331295053,0.3083833668704947
Cheviot Hills,Incorporated neighborhood,Cheviot Hills,7876.071567948134,6213.000560003669,1663.071007944466,1.0,0.7888451122368704,0.2111548877631298
Chinatown,Incorporated neighborhood,Chinatown,10147.855829100632,4086.7527714697717,6061.10305763086,1.0,0.40272081514504193,0.5972791848549581
Citrus,Unincorporated neighborhood,Citrus,12148.843538140994,8310.202328600544,3838.641209540444,1.0,0.6840323774448875,0.3159676225551119
Claremont,City,Claremont,35765.34300308082,28938.487923759043,6826.855079321767,1.0,0.8091209392642001,0.19087906073579952
Commerce,City,Commerce,13220.033107599695,9025.51517431653,4194.51793328317,1.0,0.6827150205189807,0.3172849794810197
Compton,City,Compton,98703.65379538633,68432.60691585793,30271.046879528327,1.0,0.6933138165049029,0.30668618349509646
Covina,City,Covina,48300.682496520036,37049.705099564315,11250.977396955803,1.0,0.7670638008527865,0.2329361991472152
Cudahy,City,Cudahy,24106.0,13161.999999999998,10944.000000000002,1.0,0.5460051439475648,0.45399485605243517
Culver City,City,Culver City,39589.930039055864,29747.721175072147,9842.208863983697,1.0,0.7513961541666206,0.2486038458333788
Cypress Park,Incorporated neighborhood,Cypress Park,9743.951158458349,5458.858765544807,4285.0923929135415,1.0,0.5602305139641615,0.43976948603583854
Del Aire,Unincorporated neighborhood,Del Aire,10662.39101968238,7477.346714093447,3185.044305588928,1.0,0.7012823578023486,0.29871764219765096
Del Rey,Incorporated neighborhood,Del Rey,30090.33058984248,19710.80178869882,10379.528801143646,1.0,0.6550543447785365,0.34494565522146303
Desert View Highlands,Unincorporated neighborhood,Desert View Highlands,2358.990199719677,1783.7585977421493,575.2316019775283,1.0,0.756153458354391,0.24384654164560923
Diamond Bar,City,Diamond Bar,56275.761281198575,31983.164645176916,24292.59663602167,1.0,0.568329311181834,0.4316706888181661
Downey,City,Downey,113223.00000000006,74740.99999999999,38482.00000000007,1.0,0.6601220600054755,0.33987793999452454
Downtown,Incorporated neighborhood,Downtown,43638.11289921847,29566.649087353657,14071.463811864729,1.0,0.6775418807783317,0.32245811922166645
Duarte,City,Duarte,21792.00000000001,14388.000000000002,7404.0,1.0,0.6602422907488984,0.33975770925110116
Eagle Rock,Incorporated neighborhood,Eagle Rock,33720.636721652685,22423.736476041577,11296.900245611128,1.0,0.6649855594702592,0.33501444052974144
East Hollywood,Incorporated neighborhood,East Hollywood,69601.99373737184,30600.2977357493,39001.69600162254,1.0,0.43964685625548233,0.5603531437445176
East Los Angeles,Unincorporated neighborhood,East Los Angeles,123991.97559581527,72618.01677062857,51373.95882518666,1.0,0.5856670677411114,0.4143329322588883
East Pasadena,Unincorporated neighborhood,East Pasadena,6141.1667107700405,3588.2781159036767,2552.8885948663674,1.0,0.5842990892285584,0.4157009107714421
East Rancho Dominguez,Unincorporated neighborhood,East Rancho Dominguez,15033.684795787543,9735.94641839384,5297.738377393695,1.0,0.6476087899037143,0.3523912100962851
East San Gabriel,Unincorporated neighborhood,East San Gabriel,15456.388519930733,7944.307533772569,7512.080986158177,1.0,0.5139821326002855,0.4860178673997153
East Whittier,Unincorporated neighborhood,East Whittier,10435.0,8652.0,1782.9999999999993,1.0,0.8291327264015333,0.17086727359846662
Echo Park,Incorporated neighborhood,Echo Park,36382.41835631754,23155.56375822255,13226.85459809501,1.0,0.636449274246822,0.3635507257531786
El Monte,City,El Monte,115190.93914126356,58868.52446523171,56322.41467603199,1.0,0.5110516929898343,0.48894830701016695
El Segundo,City,El Segundo,16900.999999999996,14765.999999999995,2135.000000000001,1.0,0.8736761138394177,0.1263238861605823
El Sereno,Incorporated neighborhood,El Sereno,41814.3560336713,26861.259886232798,14953.096147438526,1.0,0.6423932456260377,0.3576067543739629
Elizabeth Lake,Unincorporated neighborhood,Elizabeth Lake,1779.9769052097565,1650.8058847192685,129.17102049048822,1.0,0.9274310694074617,0.07256893059253845
Elysian Park,Incorporated neighborhood,Elysian Park,2382.091259121238,1157.2553346841155,1224.835924437123,1.0,0.48581486131267326,0.5141851386873268
Elysian Valley,Incorporated neighborhood,Elysian Valley,6760.813757884446,4082.8365703878017,2677.977187496641,1.0,0.6038972106910069,0.39610278930899256
Encino,Incorporated neighborhood,Encino,46342.403021045895,30392.294489288022,15950.108531757849,1.0,0.6558204259603391,0.34417957403966043
Exposition Park,Incorporated neighborhood,Exposition Park,35393.633758027674,20145.65047833482,15247.98327969287,1.0,0.5691885330583092,0.4308114669416913
Fairfax,Incorporated neighborhood,Fairfax,12190.468782585407,9562.746173595955,2627.722608989457,1.0,0.7844444987428816,0.21555550125711886
Florence,Incorporated neighborhood,Florence,52473.99999999994,31469.00000000001,21005.000000000004,1.0,0.5997065213248475,0.4002934786751539
Florence-Firestone,Unincorporated neighborhood,Florence-Firestone,63384.03283659918,36038.82093820891,27345.211898390324,1.0,0.5685788569357075,0.43142114306429336
Gardena,City,Gardena,59898.00000000008,39880.00000000003,20017.999999999996,1.0,0.6657985241577344,0.3342014758422647
Glassell Park,Incorporated neighborhood,Glassell Park,22645.593438974516,13006.079222524188,9639.514216450316,1.0,0.5743315695202711,0.42566843047972835
Glendale,City,Glendale,198652.74141631828,90750.68629044172,107902.05512587652,1.0,0.4568307773828035,0.5431692226171964
Glendora,City,Glendora,51723.167721654434,42949.18669927094,8773.981022383536,1.0,0.8303665183540145,0.16963348164598624
Gramercy Park,Incorporated neighborhood,Gramercy Park,10726.000000000004,9194.999999999996,1530.9999999999998,1.0,0.8572627260861452,0.14273727391385413
Granada Hills,Incorporated neighborhood,Granada Hills,55502.68361027192,36489.8911211816,19012.79248909032,1.0,0.6574437260981087,0.3425562739018913
Green Meadows,Incorporated neighborhood,Green Meadows,34411.45263796273,23647.439980595707,10764.012657367022,1.0,0.6871967954793005,0.3128032045206996
Green Valley,Unincorporated neighborhood,Green Valley,964.3935283445156,892.8168429201909,71.57668542432512,1.0,0.9257806244851168,0.07421937551488357
Griffith Park,Incorporated neighborhood,Griffith Park,3.928571428571428,3.1428571428571423,0.7857142857142856,1.0,0.8,0.2
Hacienda Heights,Unincorporated neighborhood,Hacienda Heights,54391.768319398376,31883.315438183203,22508.452881215184,1.0,0.586179056561621,0.4138209434383793
Hancock Park,Incorporated neighborhood,Hancock Park,10794.139651773798,8249.617624902034,2544.522026871762,1.0,0.7642681946908456,0.2357318053091542
Hansen Dam,Incorporated neighborhood,Hansen Dam,73.51040650406505,51.8359349593496,21.67447154471545,1.0,0.7051509769094139,0.29484902309058614
Harbor City,Incorporated neighborhood,Harbor City,26104.10706697306,17051.30030572772,9052.806761245332,1.0,0.6532037377099575,0.3467962622900421
Harbor Gateway,Incorporated neighborhood,Harbor Gateway,41312.996943298174,26190.375362983348,15122.621580314832,1.0,0.6339500230140522,0.3660499769859479
Harvard Heights,Incorporated neighborhood,Harvard Heights,19379.53379596502,8814.68641979418,10564.847376170843,1.0,0.4548451223129769,0.5451548776870232
Harvard Park,Incorporated neighborhood,Harvard Park,11369.302379225352,7402.999669998406,3966.3027092269513,1.0,0.6511393067991221,0.3488606932008783
Hasley Canyon,Unincorporated neighborhood,Hasley Canyon,1204.5694520665168,974.891489136916,229.67796292960065,1.0,0.8093277539658893,0.19067224603411057
Hawaiian Gardens,City,Hawaiian Gardens,14295.493436781488,8508.616558174364,5786.876878607118,1.0,0.5951957234496139,0.40480427655038576
Hawthorne,City,Hawthorne,86510.46616826311,55750.58772223701,30759.87844602618,1.0,0.644437490532093,0.3555625094679079
Hermosa Beach,City,Hermosa Beach,19726.000000000004,17799.00000000002,1927.0000000000011,1.0,0.90231166987732,0.09768833012268077
Hidden Hills,City,Hidden Hills,1890.8637249689887,1516.5720361509839,374.2916888180046,1.0,0.8020525308749348,0.19794746912506517
Highland Park,Incorporated neighborhood,Highland Park,55307.79772602687,34100.76301866072,21207.034707366143,1.0,0.6165633856474004,0.3834366143525995
Historic South-Central,Incorporated neighborhood,Historic South-Central,49877.24532535097,25665.391024562774,24211.8543007882,1.0,0.5145711407505879,0.48542885924941226
Hollywood,Incorporated neighborhood,Hollywood,73219.55121773845,43076.131174733455,30143.420043005077,1.0,0.5883146025661199,0.4116853974338812
Hollywood Hills,Incorporated neighborhood,Hollywood Hills,21575.562909374337,16897.04844189374,4678.514467480578,1.0,0.7831567831100326,0.21684321688996658
Hollywood Hills West,Incorporated neighborhood,Hollywood Hills West,16565.137279616116,12658.449931912839,3906.6873477032655,1.0,0.7641620904337105,0.23583790956628883
Huntington Park,City,Huntington Park,58926.96716340075,30468.17906179114,28458.78810160964,1.0,0.5170498420070526,0.48295015799294777
Hyde Park,Incorporated neighborhood,Hyde Park,35405.596553561896,27234.571504707757,8171.025048854151,1.0,0.7692165690106947,0.23078343098930568
Industry,City,Industry,233.74567179867788,145.41683475311254,88.32883704556532,1.0,0.6221156252183278,0.37788437478167214
Inglewood,City,Inglewood,110659.42725425679,79208.99662345674,31450.43063080002,1.0,0.7157907698316753,0.2842092301683244
Irwindale,City,Irwindale,1319.0000000000005,1073.0000000000002,246.0,1.0,0.8134950720242607,0.18650492797573914
Jefferson Park,Incorporated neighborhood,Jefferson Park,25405.47309421304,16660.644526482774,8744.828567730281,1.0,0.6557895798554447,0.3442104201445559
Koreatown,Incorporated neighborhood,Koreatown,108349.78183931537,42753.80233745343,65595.97950186206,1.0,0.39459057149610205,0.6054094285038991
L.A. County Jail,Unincorporated area,L.A. County Jail,7480.6375745274645,6613.030572117214,867.6070024102498,1.0,0.8840196448809974,0.11598035511900263
La Canada Flintridge,City,La Canada Flintridge,20610.44030882532,15529.64885247936,5080.7914563459635,1.0,0.7534845747972506,0.2465154252027496
La Crescenta-Montrose,Unincorporated neighborhood,La Crescenta-Montrose,18938.4149135118,12406.807714221779,6531.6071992900215,1.0,0.6551133117993956,0.3448866882006045
La Habra Heights,City,La Habra Heights,5437.44307126128,4289.571854927511,1147.8712163337698,1.0,0.788895037375075,0.21110496262492495
La Mirada,City,La Mirada,49130.00000000004,37429.00000000003,11700.999999999984,1.0,0.7618359454508448,0.2381640545491548
La Puente,City,La Puente,40009.992891923626,23871.94543235019,16138.04745957344,1.0,0.5966495794396642,0.40335042056033577
La Verne,City,La Verne,32178.655172039424,27509.18048235736,4669.474689682005,1.0,0.8548890665344072,0.1451109334655909
Ladera Heights,Unincorporated neighborhood,Ladera Heights,7352.532489331717,6587.086849151902,765.4456401798142,1.0,0.8958936065511507,0.10410639344884917
Lake Balboa,Incorporated neighborhood,Lake Balboa,27484.01186440676,17895.26101694916,9588.75084745763,1.0,0.6511153140682662,0.348884685931735
Lake Hughes,Unincorporated neighborhood,Lake Hughes,659.8673404607944,490.7489097698708,169.11843069092347,1.0,0.7437084390737905,0.25629156092620947
Lake Los Angeles,Unincorporated neighborhood,Lake Los Angeles,11515.763563542756,9587.020721820174,1928.7428417225785,1.0,0.8325128133206292,0.16748718667937051
Lake View Terrace,Incorporated neighborhood,Lake View Terrace,11862.512432546197,7766.476628110966,4096.035804435233,1.0,0.6547075648833652,0.345292435116635
Lakewood,City,Lakewood,81162.47000680595,63500.41065021455,17662.059356591468,1.0,0.782386374452252,0.21761362554774888
Lancaster,City,Lancaster,159073.26118071214,138825.76602083805,20247.495159874048,1.0,0.8727159108351195,0.12728408916488024
Larchmont,Incorporated neighborhood,Larchmont,8597.190067881385,4817.129331904253,3780.060735977135,1.0,0.560314392710797,0.4396856072892035
Lawndale,City,Lawndale,33160.999999999985,20921.0,12240.000000000002,1.0,0.6308917101414315,0.369108289858569
Leimert Park,Incorporated neighborhood,Leimert Park,11817.922449567981,10112.61941358727,1705.3030359807053,1.0,0.8557019608769687,0.14429803912303088
Lennox,Unincorporated neighborhood,Lennox,22187.18275308189,12304.59199117103,9882.59076191086,1.0,0.5545810898169067,0.4454189101830934
Leona Valley,Unincorporated neighborhood,Leona Valley,1753.5263458675674,1623.399026273832,130.12731959373468,1.0,0.9257910667265429,0.0742089332734567
Lincoln Heights,Incorporated neighborhood,Lincoln Heights,28029.279524037673,14113.826847847138,13915.452676190527,1.0,0.5035386955181363,0.49646130448186343
Littlerock,Unincorporated neighborhood,Littlerock,1389.8729430501398,1149.3802704127306,240.49267263740947,1.0,0.8269678722505116,0.1730321277494886
Lomita,City,Lomita,20280.13673350772,15885.787707061896,4394.3490264458005,1.0,0.7833175838905815,0.2166824161094174
Long Beach,City,Long Beach,469544.98006868275,347164.86936968623,122380.11069899515,1.0,0.7393644573069542,0.2606355426930429
Lopez/Kagel Canyons,Unincorporated neighborhood,Lopez/Kagel Canyons,1215.1937933364045,786.9876026408722,428.20619069553214,1.0,0.6476231255922889,0.35237687440771104
Los Feliz,Incorporated neighborhood,Los Feliz,33636.48290314149,23273.621177742738,10362.861725398756,1.0,0.691916014072003,0.308083985927997
Lynwood,City,Lynwood,71423.99053371744,43333.98801067727,28090.00252304015,1.0,0.6067147422996535,0.39328525770034617
Malibu,City,Malibu,12895.290280396355,10695.173167852588,2200.1171125437772,1.0,0.8293859956073713,0.17061400439262958
Manchester Square,Incorporated neighborhood,Manchester Square,11916.936569134548,10244.21232438092,1672.7242447536291,1.0,0.8596347110644135,0.1403652889355866
Manhattan Beach,City,Manhattan Beach,35573.00000000004,31643.999999999924,3928.9999999999923,1.0,0.8895510640092175,0.11044893599077919
Mar Vista,Incorporated neighborhood,Mar Vista,37601.2851625362,26951.61345349212,10649.671709044094,1.0,0.7167737309241011,0.2832262690758992
Marina del Rey,Unincorporated neighborhood,Marina del Rey,9782.000000000002,7326.000000000003,2456.0,1.0,0.7489265998773258,0.25107340012267426
Mayflower Village,Unincorporated neighborhood,Mayflower Village,5738.126209631237,3722.699680713203,2015.4265289180319,1.0,0.6487657372305243,0.35123426276947545
Maywood,City,Maywood,27672.0,14918.000000000002,12753.999999999998,1.0,0.5391008962127783,0.46089910378722165
Mid-City,Incorporated neighborhood,Mid-City,51250.19896452483,33676.5660238104,17573.6329407144,1.0,0.657101176272919,0.3428988237270804
Mid-Wilshire,Incorporated neighborhood,Mid-Wilshire,45021.53700312706,29874.786782968262,15146.750220158845,1.0,0.6635665677272025,0.33643343227279865
Mission Hills,Incorporated neighborhood,Mission Hills,20067.07436672088,12193.150592609813,7873.9237741110865,1.0,0.6076197441531818,0.3923802558468192
Monrovia,City,Monrovia,37440.08199514263,28417.254844941588,9022.827150201048,1.0,0.7590062128771076,0.24099378712289263
Montebello,City,Montebello,63610.41321916785,40335.03578809561,23275.377431072327,1.0,0.6340948556507942,0.3659051443492072
Montecito Heights,Incorporated neighborhood,Montecito Heights,16504.182165406717,10342.113478348416,6162.06868705831,1.0,0.6266359262578797,0.37336407374212094
Monterey Park,City,Monterey Park,61302.939451534054,28423.848764594048,32879.09068693996,1.0,0.46366208568295275,0.5363379143170465
Mount Washington,Incorporated neighborhood,Mount Washington,12756.06657746108,8610.148511852261,4145.918065608815,1.0,0.674984601214428,0.3250153987855716
North El Monte,Unincorporated neighborhood,North El Monte,3878.373996789727,2515.009860123825,1363.3641366659026,1.0,0.6484701738939028,0.3515298261060974
North Hills,Incorporated neighborhood,North Hills,59789.75277777772,34638.650000000016,25151.10277777778,1.0,0.5793409136301746,0.42065908636982663
North Hollywood,Incorporated neighborhood,North Hollywood,78329.10561156218,46534.833528669435,31794.27208289268,1.0,0.5940937684063179,0.40590623159368133
North Whittier,Unincorporated neighborhood,North Whittier,1659.6404660518062,1168.169840642944,491.4706254088623,1.0,0.7038692201943931,0.2961307798056069
Northeast Antelope Valley,Unincorporated area,Northeast Antelope Valley,3494.6305890978997,2934.1948765895418,560.4357125083645,1.0,0.8396294835120103,0.1603705164879916
Northridge,Incorporated neighborhood,Northridge,66679.73013539017,45001.71662824345,21678.013507146752,1.0,0.6748935026711941,0.3251064973288063
Northwest Antelope Valley,Unincorporated area,Northwest Antelope Valley,3708.897644239947,3435.8177534543224,273.07989078562326,1.0,0.9263716831846984,0.07362831681530124
Northwest Palmdale,Unincorporated neighborhood,Northwest Palmdale,3455.2368370668237,2856.1619758759325,599.0748611908863,1.0,0.8266182929157904,0.17338170708420828
Norwalk,City,Norwalk,106354.25653256607,69574.55218706817,36779.70434549808,1.0,0.6541774109977835,0.34582258900221824
Ocean,Unincorporated area,Ocean,0.0,0.0,0.0,,,
Pacific Palisades,Incorporated neighborhood,Pacific Palisades,24934.013300340248,21270.177544076727,3663.835756263532,1.0,0.8530587229528138,0.1469412770471866
Pacoima,Incorporated neighborhood,Pacoima,77720.7786306261,43016.79745746279,34703.98117316334,1.0,0.5534787249353662,0.4465212750646342
Palmdale,City,Palmdale,156836.1432539697,116198.70661113302,40637.4366428367,1.0,0.7408924001846233,0.25910759981537684
Palms,Incorporated neighborhood,Palms,43577.85796842819,28408.621976677183,15169.235991751004,1.0,0.6519049650687054,0.34809503493129457
Palos Verdes Estates,City,Palos Verdes Estates,13582.000000000005,10996.000000000002,2586.0000000000005,1.0,0.809600942423796,0.19039905757620376
Panorama City,Incorporated neighborhood,Panorama City,70563.64836471758,32852.03230921704,37711.616055500526,1.0,0.4655659545750377,0.5344340454249621
Paramount,City,Paramount,54941.00000000002,34015.99999999996,20925.0,1.0,0.619136892302651,0.38086310769734794
Pasadena,City,Pasadena,140275.07372969386,98575.27549304746,41699.79823664652,1.0,0.7027283812589488,0.29727161874105207
Pico Rivera,City,Pico Rivera,63716.506323582274,43309.20368987585,20407.302633706408,1.0,0.6797171751685729,0.32028282483142695
Pico-Robertson,Incorporated neighborhood,Pico-Robertson,19703.227531474757,13795.523706183327,5907.703825291424,1.0,0.7001656801732499,0.2998343198267498
Pico-Union,Incorporated neighborhood,Pico-Union,41127.652655845515,16937.94379822111,24189.708857624435,1.0,0.4118383302824773,0.5881616697175234
Playa Vista,Incorporated neighborhood,Playa Vista,10348.810273555533,8077.670565777894,2271.1397077776364,1.0,0.7805409851235638,0.2194590148764359
Playa del Rey,Incorporated neighborhood,Playa del Rey,10840.372057076347,8794.449168934098,2045.9228881422446,1.0,0.8112682039536901,0.1887317960463094
Pomona,City,Pomona,152581.25159372052,101345.90690193797,51235.34469178233,1.0,0.6642094349297425,0.3357905650702561
Porter Ranch,Incorporated neighborhood,Porter Ranch,26842.327306025352,16992.488622606023,9849.838683419332,1.0,0.6330482610124377,0.3669517389875623
Quartz Hill,Unincorporated neighborhood,Quartz Hill,10490.100199258224,9556.980659366074,933.1195398921562,1.0,0.9110476046779674,0.08895239532203315
Rancho Dominguez,Unincorporated neighborhood,Rancho Dominguez,3143.480495123781,2408.995123780945,734.4853713428357,1.0,0.7663464518128291,0.23365354818717074
Rancho Palos Verdes,City,Rancho Palos Verdes,42739.09901156183,31032.265577278908,11706.83343428288,1.0,0.7260860966882812,0.2739139033117178
Rancho Park,Incorporated neighborhood,Rancho Park,4678.996848186664,3220.0671813846448,1458.9296668020188,1.0,0.6881960569459618,0.31180394305403825
Redondo Beach,City,Redondo Beach,67664.0,54603.99999999998,13060.000000000002,1.0,0.806987467486403,0.19301253251359662
Reseda,Incorporated neighborhood,Reseda,72779.7564526752,40061.99965859443,32717.75679408085,1.0,0.5504552585943953,0.44954474140560596
Ridge Route,Unincorporated area,Ridge Route,555.9331225486717,452.8485657042946,103.08455684437705,1.0,0.8145738171314804,0.18542618286851947
Rolling Hills,City,Rolling Hills,1760.0000000000002,1442.0000000000002,317.99999999999994,1.0,0.8193181818181818,0.18068181818181814
Rolling Hills Estates,City,Rolling Hills Estates,8355.625625647006,6257.7385121285415,2097.8871135184672,1.0,0.7489251903437192,0.25107480965628115
Rose Hills,City,Rose Hills,3155.4267998622117,2568.3706510506368,587.0561488115743,1.0,0.8139534883720928,0.18604651162790697
Rosemead,City,Rosemead,54758.30190068923,24176.015288169987,30582.28661251928,1.0,0.44150410894801123,0.5584958910519895
Rowland Heights,Unincorporated neighborhood,Rowland Heights,50401.437097032685,22585.997479755933,27815.439617276767,1.0,0.44812209295289424,0.551877907047106
San Dimas,City,San Dimas,34429.213021248615,27686.22410555255,6742.988915696075,1.0,0.8041491999385955,0.19585080006140473
San Fernando,City,San Fernando,24396.000000000004,15782.000000000002,8614.000000000002,1.0,0.646909329398262,0.353090670601738
San Gabriel,City,San Gabriel,40029.419463043865,17950.1133677673,22079.306095276566,1.0,0.44842302507882437,0.5515769749211756
San Marino,City,San Marino,13324.000000000002,7982.999999999996,5341.000000000001,1.0,0.5991444010807562,0.4008555989192435
San Pasqual,Unincorporated neighborhood,San Pasqual,2017.0,1548.0,468.99999999999983,1.0,0.7674764501735251,0.23252354982647488
San Pedro,Incorporated neighborhood,San Pedro,80921.80440478977,62394.757725116935,18527.04667967296,1.0,0.7710500054225655,0.22894999457743606
Santa Clarita,City,Santa Clarita,182587.07722791945,144485.64080623366,38101.43642168572,1.0,0.7913245723621251,0.20867542763787458
Santa Fe Springs,City,Santa Fe Springs,17801.122769938935,13144.85673970257,4656.266030236366,1.0,0.7384285199077734,0.2615714800922267
Santa Monica,City,Santa Monica,92247.0,70825.00000000007,21422.000000000047,1.0,0.7677756458204611,0.23222435417954024
Sawtelle,Incorporated neighborhood,Sawtelle,40120.432412502996,27046.85699956737,13073.57541293563,1.0,0.6741417121700458,0.32585828782995435
Sepulveda Basin,Incorporated neighborhood,Sepulveda Basin,268.392575818179,208.5021019972117,59.89047382096732,1.0,0.7768549534636168,0.22314504653638323
Shadow Hills,Incorporated neighborhood,Shadow Hills,13624.21147144179,8566.18586092841,5058.025610513375,1.0,0.6287472767788659,0.37125272322113384
Sherman Oaks,Incorporated neighborhood,Sherman Oaks,69984.81592081298,52044.55567680373,17940.26024400924,1.0,0.7436549627520853,0.25634503724791446
Sierra Madre,City,Sierra Madre,11067.000000000002,9645.999999999996,1421.0,1.0,0.8716002530044271,0.1283997469955724
Signal Hill,City,Signal Hill,11429.087281795506,7909.539588528677,3519.547693266831,1.0,0.6920534766697565,0.3079465233302437
Silver Lake,Incorporated neighborhood,Silver Lake,30158.64920248562,21757.405641050802,8401.243561434821,1.0,0.7214317025597287,0.2785682974402715
South Diamond Bar,Unincorporated neighborhood,South Diamond Bar,0.0,0.0,0.0,,,
South El Monte,City,South El Monte,21183.457844329176,11808.770397914825,9374.687446414355,1.0,0.5574524463708384,0.4425475536291618
South Gate,City,South Gate,95219.0,54198.000000000065,41021.00000000005,1.0,0.5691931232212065,0.4308068767787947
South Monrovia Island,Unincorporated neighborhood,South Monrovia Island,6343.7591011750965,3984.743876453758,2359.0152247213377,1.0,0.6281360645796965,0.3718639354203034
South Park,Incorporated neighborhood,South Park,32737.581394062323,18394.845320684868,14342.736073377451,1.0,0.5618877307784618,0.4381122692215382
South Pasadena,City,South Pasadena,25939.2320855615,18921.129411764705,7018.102673796794,1.0,0.7294406152561753,0.2705593847438246
South San Gabriel,Unincorporated neighborhood,South San Gabriel,8331.804742134465,4135.424741557942,4196.380000576522,1.0,0.49634201347096346,0.5036579865290365
South San Jose Hills,Unincorporated neighborhood,South San Jose Hills,19662.32798200949,11474.476005583016,8187.851976426477,1.0,0.5835766759705086,0.4164233240294916
South Whittier,Unincorporated neighborhood,South Whittier,59572.39760933018,44059.25901577095,15513.138593559255,1.0,0.7395918375605286,0.2604081624394718
Southeast Antelope Valley,Unincorporated area,Southeast Antelope Valley,6163.192395002497,5055.139422243472,1108.0529727590445,1.0,0.8202144437909316,0.1797855562090717
Stevenson Ranch,Unincorporated neighborhood,Stevenson Ranch,18227.756444282742,14022.608940126853,4205.147504155875,1.0,0.7692997754819759,0.23070022451802333
Studio City,Incorporated neighborhood,Studio City,39784.164316738505,32708.178261737088,7075.9860550014055,1.0,0.8221406387057295,0.17785936129427019
Sun Valley,Incorporated neighborhood,Sun Valley,75858.63542968997,40022.74886492646,35835.886564763416,1.0,0.5275964778198757,0.4724035221801231
Sun Village,Unincorporated neighborhood,Sun Village,11949.9701939451,9380.592699219122,2569.377494725973,1.0,0.78498879469776,0.21501120530223952
Sunland,Incorporated neighborhood,Sunland,16151.763206641848,10927.076536507642,5224.686670134198,1.0,0.6765253054238849,0.32347469457611466
Sylmar,Incorporated neighborhood,Sylmar,81697.12450992307,52198.222658345934,29498.901851577215,1.0,0.6389236215040328,0.3610763784959681
Tarzana,Incorporated neighborhood,Tarzana,37828.93982339837,23406.90908523435,14422.030738164,1.0,0.6187566766213325,0.38124332337866706
Temple City,City,Temple City,37146.02970875357,19142.396622455228,18003.633086298407,1.0,0.5153281998787683,0.48467180012123334
Toluca Lake,Incorporated neighborhood,Toluca Lake,9017.133636068766,7477.53486863445,1539.5987674343173,1.0,0.8292585172214947,0.17074148277850545
Topanga,Unincorporated neighborhood,Topanga,7916.682979158963,6506.723698134593,1409.9592810243728,1.0,0.8219002472707126,0.1780997527292878
Torrance,City,Torrance,147307.00000000035,104670.00000000004,42637.000000000015,1.0,0.7105568642359141,0.2894431357640839
Tujunga,Incorporated neighborhood,Tujunga,27439.65646815489,17277.786715524882,10161.869752630022,1.0,0.6296648332888798,0.37033516671112066
Tujunga Canyons,Unincorporated area,Tujunga Canyons,1922.4562994384905,1655.0539008903495,267.40239854814143,1.0,0.8609058636983095,0.13909413630169076
U.S. Department of Veterans Affairs,Unincorporated neighborhood,U.S. Department of Veterans Affairs,955.1340482573725,833.7426273458445,121.39142091152814,1.0,0.8729064039408869,0.12709359605911333
Unicorporated neighborhood,Within a city,Fairfax,2.8731241473397007,1.7363574351978168,1.1367667121418823,1.0,0.604344729344729,0.3956552706552704
Unincorporated Avocado Heights,Within a city,Avocado Heights,1769.1101765351655,1065.480181476865,703.6299950583009,1.0,0.6022689799702737,0.3977310200297265
Unincorporated Azusa,Within a city,Azusa,0.0,0.0,0.0,,,
Unincorporated Beverly Crest,Within a city,Beverly Crest,11.899114032580734,9.003715347242068,2.895398685338668,1.0,0.7566710700132101,0.24332892998679004
Unincorporated Bradbury,Within a city,Bradbury,216.23839009287929,145.98452012383905,70.25386996904025,1.0,0.675109170305677,0.32489082969432315
Unincorporated Calabasas,Within a city,Calabasas,2048.2730755727616,1611.0751447747425,437.19793079801974,1.0,0.7865529083929569,0.2134470916070434
Unincorporated Catalina Island,Unincorporated area,Unincorporated Catalina Island,324.48387096774195,288.58064516129036,35.903225806451616,1.0,0.8893528183716076,0.11064718162839249
Unincorporated Cerritos,Within a city,Cerritos,563.1015089163236,276.12071330589845,286.98079561042516,1.0,0.49035690534249615,0.5096430946575039
Unincorporated Chatsworth,Within a city,Chatsworth,1816.314176690901,1481.8296588088415,334.48451788205904,1.0,0.8158443499618283,0.18415565003817144
Unincorporated Citrus,Within a city,Citrus,1693.4931636916065,948.2273072540828,745.2658564375238,1.0,0.5599239061509195,0.4400760938490806
Unincorporated Claremont,Within a city,Claremont,1410.7253499594806,1115.9602007589413,294.7651492005393,1.0,0.7910541912293518,0.20894580877064817
Unincorporated Covina,Within a city,Covina,3219.8605298916063,2452.878874755176,766.9816551364287,1.0,0.7617966219293821,0.23820337807061737
Unincorporated Covina-East,Within a city,Covina,331.16512215669763,239.9974726200505,91.16764953664699,1.0,0.7247063671955488,0.27529363280445074
Unincorporated Covina-South,Within a city,Covina,1260.390102915923,971.6974063581364,288.69269655778686,1.0,0.7709497274773154,0.22905027252268476
Unincorporated East San Gabriel-East,Within a city,East San Gabriel,1976.2709219858161,939.1503546099291,1037.1205673758866,1.0,0.4752133648084255,0.5247866351915742
Unincorporated East San Gabriel-South,Within a city,East San Gabriel,5033.879237288134,2211.6174334140446,2822.2618038740916,1.0,0.43934654153632285,0.5606534584636775
Unincorporated Harbor Gateway,Within a city,Harbor Gateway,1.0030567018187375,0.6246370166590249,0.37841968515971264,1.0,0.6227335060185891,0.37726649398141093
Unincorporated Hawthorne,Within a city,Hawthorne,2499.4793589120927,1451.8368139873724,1047.6425449247208,1.0,0.5808556925308195,0.4191443074691807
Unincorporated Industry-East,Within a city,Industry,0.0,0.0,0.0,,,
Unincorporated La Habra Heights,Within a city,La Habra Heights,733.1977754237288,566.7867948238618,166.41098059986706,1.0,0.7730339804922417,0.22696601950775835
Unincorporated La Verne,Within a city,La Verne,1308.3893176203626,1084.6333121168166,223.75600550354625,1.0,0.8289836194088599,0.17101638059114027
Unincorporated Lakewood-East,Within a city,Lakewood,117.06790776390946,74.46900782737467,42.59889993653479,1.0,0.636118038237739,0.36388196176226095
Unincorporated Lancaster,Within a city,Lancaster,1932.4667494744886,1759.6309956048153,172.83575386967323,1.0,0.9105621072566067,0.08943789274339331
Unincorporated Lancaster-East,Within a city,Lancaster,58.981760507533714,51.67327517842983,7.308485329103887,1.0,0.8760890609874153,0.12391093901258471
Unincorporated Lynwood,Within a city,Lynwood,0.0,0.0,0.0,,,
Unincorporated Maywood,Within a city,Maywood,0.0,0.0,0.0,,,
Unincorporated North Long Beach,Within a city,Long Beach,1468.5177865612648,1314.3280632411067,154.1897233201581,1.0,0.8950031625553447,0.10499683744465528
Unincorporated Palmdale,Within a city,Palmdale,670.6811399818891,428.6980749319503,241.98306504993886,1.0,0.6391980471428297,0.36080195285717037
Unincorporated Pasadena,Within a city,Pasadena,1117.0995670995674,778.7779839208407,338.32158317872603,1.0,0.6971428571428566,0.30285714285714277
Unincorporated Pico Rivera,Within a city,Pico Rivera,0.0,0.0,0.0,,,
Unincorporated Playa Vista,Within a city,Playa Vista,350.96986089644514,276.12519319938184,74.84466769706339,1.0,0.7867490174059519,0.21325098259404832
Unincorporated Pomona,Within a city,Pomona,556.1608892514428,431.8852183345005,124.27567091694237,1.0,0.776547266593648,0.22345273340635213
Unincorporated Pomona-West,Within a city,Pomona,1451.6421593830335,1264.6827763496146,186.95938303341904,1.0,0.8712083540527102,0.12879164594728992
Unincorporated Rolling Hills,Within a city,Rolling Hills,1307.5856697819315,1057.7372793354102,249.84839044652125,1.0,0.8089238845144356,0.19107611548556427
Unincorporated Rolling Hills Estates,Within a city,Rolling Hills Estates,675.5529595015578,546.4709241952231,129.08203530633438,1.0,0.8089238845144353,0.19107611548556427
Unincorporated San Dimas,Within a city,San Dimas,327.07122555707144,248.10220554797638,78.96902000909503,1.0,0.7585571158863207,0.2414428841136792
Unincorporated San Dimas-West,Within a city,San Dimas,329.9893654732364,257.16412619638425,72.82523927685217,1.0,0.7793103448275863,0.22068965517241382
Unincorporated San Nicholas,Unincorporated area,Unincorporated San Nicholas,5.453510436432637,4.850094876660341,0.603415559772296,1.0,0.8893528183716075,0.11064718162839249
Unincorporated San Pedro,Within a city,San Pedro,1977.0000000000007,1459.0,518.0000000000001,1.0,0.7379868487607484,0.26201315123925134
Unincorporated Santa Clarita,Within a city,Santa Clarita,15533.045766299334,11306.29496249303,4226.7508038063015,1.0,0.7278865415450775,0.27211345845492235
Unincorporated Santa Monica Mountains,Unincorporated area,Unincorporated Santa Monica Mountains,9902.929588599987,8316.840404300923,1586.089184299067,1.0,0.8398363665914649,0.16016363340853543
Unincorporated Santa Susana Mountains,Unincorporated area,Unincorporated Santa Susana Mountains,4268.7759334538705,3208.9243971128553,1059.8515363410154,1.0,0.7517200357050625,0.24827996429493748
Unincorporated South El Monte,Within a city,South El Monte,132.84365781710918,51.83480825958702,81.00884955752213,1.0,0.39019407558733393,0.6098059244126659
Unincorporated Vernon,Within a city,Vernon,0.0,0.0,0.0,,,
Unincorporated Watts,Within a city,Watts,2593.9999999999995,1624.0000000000002,970.0,1.0,0.6260601387818043,0.3739398612181959
Unincorporated West Carson,Within a city,Carson,0.0,0.0,0.0,,,
Unincorporated West Covina,Within a city,West Covina,1581.1100574544175,1067.2260508881984,513.8840065662192,1.0,0.674985302798231,0.32501469720176906
Unincorporated West Glendora,Within a city,Glendora,568.0981909570539,492.5196272494091,75.57856370764473,1.0,0.8669621468423964,0.1330378531576035
Unincorporated West Industry,Within a city,Industry,0.0,0.0,0.0,,,
Unincorporated West Lancaster,Within a city,Lancaster,149.11649724465903,136.23745958652015,12.87903765813886,1.0,0.9136310341503802,0.08636896584961966
Unincorporated West Palmdale,Within a city,Palmdale,0.0,0.0,0.0,,,
Unincorporated West Puente Valley,Within a city,West Puente Valley,1503.7732940376334,902.7993652233057,600.9739288143278,1.0,0.6003560302625724,0.3996439697374276
Unincorporated West Whittier-Los Nietos,Within a city,West Whittier-Los Nietos,925.3304330630807,740.4026102432273,184.9278228198537,1.0,0.8001494209936498,0.19985057900635048
Unincorporated Whittier,Within a city,Whittier,9.79109874826147,8.305285118219746,1.4858136300417242,1.0,0.8482485297877781,0.15175147021222196
Universal City,Unincorporated neighborhood,Universal City,0.0,0.0,0.0,,,
University Park,Incorporated neighborhood,University Park,25193.681986452608,15657.164037987859,9536.517948464754,1.0,0.621471845457412,0.37852815454258826
Val Verde,Unincorporated neighborhood,Val Verde,2611.636012861736,1948.2122186495176,663.4237942122188,1.0,0.74597386812519,0.25402613187481016
Valinda,Unincorporated neighborhood,Valinda,24041.634552884232,14848.07112152384,9193.563431360377,1.0,0.6175982372938342,0.38240176270616516
Valley Glen,Incorporated neighborhood,Valley Glen,59957.78929504622,33755.864315026134,26201.92498002006,1.0,0.5629938113447935,0.437006188655206
Valley Village,Incorporated neighborhood,Valley Village,27272.17998102839,20298.735130303583,6973.444850724821,1.0,0.7443018909534987,0.2556981090465018
Van Nuys,Incorporated neighborhood,Van Nuys,110495.46968217226,58690.70372598086,51804.765956191506,1.0,0.5311593669387354,0.46884063306126544
Venice,Incorporated neighborhood,Venice,35851.75422180061,28528.668121881386,7323.086099919232,1.0,0.7957398108161127,0.20426018918388752
Vermont Knolls,Incorporated neighborhood,Vermont Knolls,21185.77294292165,14810.333527147473,6375.439415774184,1.0,0.6990697751292447,0.30093022487075577
Vermont Square,Incorporated neighborhood,Vermont Square,49472.39140212343,29555.19772834613,19917.193673777296,1.0,0.5974079055147025,0.4025920944852975
Vermont Vista,Incorporated neighborhood,Vermont Vista,24148.00000000001,16336.0,7811.999999999994,1.0,0.6764949478217654,0.32350505217823383
Vermont-Slauson,Incorporated neighborhood,Vermont-Slauson,26943.66715930275,16419.40340284239,10524.26375646036,1.0,0.6093974998192967,0.3906025001807032
Vernon,City,Vernon,88.0,69.0,19.0,1.0,0.7840909090909091,0.2159090909090909
View Park-Windsor Hills,Unincorporated neighborhood,View Park-Windsor Hills,11601.403446438084,10773.42849529224,827.9749511458521,1.0,0.9286314836848423,0.07136851631515846
Vincent,Unincorporated neighborhood,Vincent,16281.73947794656,11267.931057213742,5013.808420732813,1.0,0.6920594124771516,0.30794058752284803
Walnut,City,Walnut,30043.527773917875,15002.078180365459,15041.449593552426,1.0,0.49934476048413434,0.500655239515866
Walnut Park,Unincorporated neighborhood,Walnut Park,15791.000000000005,7951.000000000001,7840.0,1.0,0.5035146602495091,0.49648533975049064
Watts,Incorporated neighborhood,Watts,42568.000000000015,28789.999999999996,13778.0,1.0,0.6763296372862241,0.3236703627137755
West Adams,Incorporated neighborhood,West Adams,21484.704272826923,13088.544893808865,8396.159379018041,1.0,0.6092029346832939,0.3907970653167053
West Carson,Unincorporated neighborhood,West Carson,21928.999999999996,13693.999999999998,8235.0,1.0,0.6244698800674906,0.3755301199325095
West Covina,City,West Covina,107845.18062065166,69673.6877339342,38171.49288671744,1.0,0.6460528633079422,0.35394713669205763
West Hills,Incorporated neighborhood,West Hills,41567.65336246458,31071.168992600913,10496.484369863694,1.0,0.7474843172325443,0.2525156827674563
West Hollywood,City,West Hollywood,35652.86547328449,26799.579604014118,8853.285869270409,1.0,0.7516809448064043,0.24831905519359668
West Los Angeles,Incorporated neighborhood,West Los Angeles,14554.25495874868,9931.068217781309,4623.186740967371,1.0,0.6823480999837552,0.3176519000162449
West Puente Valley,Unincorporated neighborhood,West Puente Valley,23788.90120861046,15330.178721901935,8458.722486708508,1.0,0.6444256751275731,0.3555743248724262
West Rancho Dominguez,Unincorporated neighborhood,West Rancho Dominguez,22170.23895411938,17097.651989783233,5072.586964336139,1.0,0.7711983630472495,0.22880163695275005
West Whittier-Los Nietos,Unincorporated neighborhood,West Whittier-Los Nietos,26336.63529418585,19272.559547860157,7064.0757463257205,1.0,0.7317775916544215,0.2682224083455796
Westchester,Incorporated neighborhood,Westchester,42075.47783429239,34232.67170801632,7842.8061262760775,1.0,0.8136014959315799,0.1863985040684203
Westlake,Incorporated neighborhood,Westlake,110063.42374232717,45647.391836564726,64416.0319057625,1.0,0.41473716048876713,0.5852628395112334
Westlake Village,City,Westlake Village,8489.499999275655,7166.027692170998,1323.47230710466,1.0,0.8441047991969399,0.1558952008030605
Westmont,Unincorporated neighborhood,Westmont,32203.29048794379,24141.454148471632,8061.836339472186,1.0,0.7496579940335497,0.25034200596645123
Westwood,Incorporated neighborhood,Westwood,53872.515457136586,38241.27713220782,15631.238324928745,1.0,0.7098476246692863,0.29015237533071325
Whittier,City,Whittier,86278.38777642164,70658.65427579773,15619.73350062384,1.0,0.8189612265229125,0.18103877347708666
Whittier Narrows,Unincorporated neighborhood,Whittier Narrows,553.0972163612447,291.03984069595833,262.05737566528643,1.0,0.5262001544876178,0.4737998455123823
Willowbrook,Unincorporated neighborhood,Willowbrook,22333.826259420868,15374.326854422849,6959.499404998018,1.0,0.6883875013551536,0.3116124986448463
Wilmington,Incorporated neighborhood,Wilmington,56029.088528237146,34741.94196915544,21287.146559081688,1.0,0.6200697330931315,0.37993026690686826
Windsor Square,Incorporated neighborhood,Windsor Square,5824.094814350723,3293.9766506771393,2530.118163673587,1.0,0.5655774426200436,0.434422557379957
Winnetka,Incorporated neighborhood,Winnetka,52292.00611891284,29047.70614516333,23244.299973749512,1.0,0.5554903760836483,0.4445096239163518
Woodland Hills,Incorporated neighborhood,Woodland Hills,68424.18323069991,47979.16646030492,20445.016770394857,1.0,0.7012018879134838,0.2987981120865142
