community_name,community_type,community_parent,tot_pop_univ,white,black,asn,hisp,oth,pct_tot_pop_univ,pct_white,pct_black,pct_asn,pct_hisp,pct_oth
Acton,Unincorporated neighborhood,Acton,7226.242164024438,5358.564287438754,157.86619563192275,108.39416415021529,1296.1952165804555,305.22230022310424,1.0,0.7415423073027022,0.021846236542950828,0.015000073577640584,0.17937334331715485,0.042238039259553384
Adams-Normandie,Incorporated neighborhood,Adams-Normandie,17173.318152899843,1094.2461508904487,3737.0090351911826,1345.0357210909315,10784.346299390409,212.68094633686985,1.0,0.06371780579314994,0.21760553213533523,0.07832124864371724,0.6279710306053692,0.012384382822428354
Agoura Hills,City,Agoura Hills,20631.057701327867,15698.539269301096,326.92252613465394,1334.9255524885345,2649.2956827303874,621.3746706731866,1.0,0.7609178112225773,0.015846135029403383,0.06470465895709338,0.12841298401098805,0.03011841077993754
Agua Dulce,Unincorporated neighborhood,Agua Dulce,3500.769738729277,2550.826748021625,11.42337215403691,82.9374418918362,621.5171786509483,234.06499801082816,1.0,0.7286473942577938,0.0032631029763709653,0.023691201673247196,0.17753729180615832,0.0668610092864291
Alhambra,City,Alhambra,84866.00000000006,7721.999999999986,1494.0,42902.00000000003,31288.99999999997,1459.0000000000007,1.0,0.09099050267480477,0.01760422312822566,0.5055263592015649,0.3686871067329667,0.017191808262437252
Alondra Park,Unincorporated neighborhood,Alondra Park,8646.624414952976,1605.9478581193844,1175.1884606709048,1965.4940247630734,3529.8581853443843,370.1358860552288,1.0,0.18573119185588197,0.1359129764719052,0.22731344978556728,0.4082354010011179,0.04280698088552766
Altadena,Unincorporated neighborhood,Altadena,44649.864898641405,17384.86567636929,9498.940964118608,3429.2439843293914,11854.177037173973,2482.6372366501296,1.0,0.38935987187943927,0.21274288255254362,0.07680300919418315,0.26549189038049403,0.05560234599333963
Angeles Crest,Unincorporated area,Angeles Crest,663.2325656677483,435.93453656908895,53.38668459174399,20.37703798468577,127.06646387609041,26.46784264613873,1.0,0.6572875928222648,0.0804946671127251,0.030723820028604885,0.19158658735063588,0.03990733268576865
Arcadia,City,Arcadia,57302.06959552707,13643.966276582405,935.5877306467993,34042.145950492515,6710.374360305524,1969.9952774998314,1.0,0.23810599465062665,0.01632729388747645,0.5940823113507545,0.11710527050194583,0.034379129609196646
Arleta,Incorporated neighborhood,Arleta,33793.35163528245,2776.162338949454,408.36233894945485,3643.89554013875,26572.62457879089,392.30683845391496,1.0,0.08215113933981501,0.012084102913399631,0.10782876997421845,0.7863269931191834,0.011608994653383867
Arlington Heights,Incorporated neighborhood,Arlington Heights,24086.325635669702,1223.8364820946722,3721.5124214320226,4542.820421429817,14161.425930988256,436.7303797249372,1.0,0.05081042665479368,0.15450727013010213,0.1886057877878353,0.5879446348602232,0.018131880567045826
Artesia,City,Artesia,16789.0,3356.9999999999995,408.00000000000017,6229.000000000001,6371.999999999999,423.00000000000006,1.0,0.1999523497528143,0.024301626064685222,0.37101673714932404,0.37953421883376015,0.025195068199416287
Athens,Unincorporated neighborhood,Athens,8017.966502463056,91.87684729064043,4005.878817733991,115.83251231527096,3526.3862068965514,277.9921182266009,1.0,0.011458871431106202,0.4996128153570381,0.014446619635999743,0.43981054370996353,0.034671149865892294
Atwater Village,Incorporated neighborhood,Atwater Village,13603.0073755378,3877.315304240933,148.99999999999997,3109.192378610941,6069.629993853722,397.86969883220667,1.0,0.2850336838906288,0.010953460208214376,0.22856654361609635,0.44619765514269283,0.029248657142367882
Avalon,City,Avalon,3730.0626185958254,1059.5370018975334,7.999999999999997,10.468690702087287,2595.322580645161,56.73434535104364,1.0,0.28405340881285096,0.0021447361125030073,0.002806572374923884,0.695785257788022,0.015210024911700055
Avocado Heights,Unincorporated neighborhood,Avocado Heights,16239.799766237273,1060.8154946100785,10.965542657084944,1782.4633555074136,13262.452583805452,123.10278965723394,1.0,0.0653219565437947,0.0006752264692254661,0.10975894907357017,0.8166635534126622,0.0075803145007468644
Azusa,City,Azusa,47322.47614128887,9413.018329117342,1180.555120474473,4711.224718504212,30937.20087975964,1080.4770934332319,1.0,0.1989122103630685,0.02494702764389876,0.09955575241747902,0.6537527915359215,0.02283221803963287
Baldwin Hills/Crenshaw,Incorporated neighborhood,Baldwin Hills/Crenshaw,30802.70609926677,1910.952419686713,17621.29723904816,1555.2104213344116,8496.515244289678,1218.7307749078086,1.0,0.06203845900838568,0.5720697779688785,0.05048940883059077,0.27583664944593717,0.03956570474620798
Baldwin Park,City,Baldwin Park,76537.56767290222,2897.2918324077905,1447.3183968100184,13693.40640568485,57803.986901952696,695.5641360468642,1.0,0.037854506231370134,0.018909908438629868,0.1789109168481315,0.7552367897159858,0.009087878765882516
Bel-Air,Incorporated neighborhood,Bel-Air,7626.865030674848,5687.209704406023,202.01171221416627,778.1918572225322,584.6826547685444,374.7691020635805,1.0,0.7456811785094356,0.026486860774602126,0.10203299181153537,0.07666094160798462,0.049138027296442115
Bell,City,Bell,35716.966892400305,1518.1750689741648,308.45071482317525,451.67218459995,33371.63707047908,67.03185352395283,1.0,0.042505710900585886,0.008635971686856926,0.01264587180542631,0.934335694601765,0.0018767510053664597
Bell Gardens,City,Bell Gardens,42804.99999999998,1316.9999999999995,220.00000000000009,327.0000000000001,40866.99999999999,73.99999999999999,1.0,0.030767433711015073,0.005139586496904572,0.0076392944749445225,0.9547249153136319,0.001728770003504264
Bellflower,City,Bellflower,77687.00000000004,12747.999999999998,10109.000000000004,10063.0,43068.999999999985,1698.000000000001,1.0,0.16409437872488308,0.13012473129352398,0.12953261163386404,0.5543913396063687,0.021856938741359556
Beverly Crest,Incorporated neighborhood,Beverly Crest,10599.07266580986,8697.542510512523,141.61332351032655,820.1039415771245,673.478534142573,266.3343560673137,1.0,0.820594667547546,0.013360916372159441,0.0773750654830954,0.06354126963531989,0.025128080961879462
Beverly Grove,Incorporated neighborhood,Beverly Grove,22180.34295002031,16411.441690369767,564.0548557496955,2161.1141812271444,1966.9357984559115,1076.7964242177977,1.0,0.7399092848722044,0.025430393796015634,0.09743375862568282,0.08867923290852951,0.04854732979756798
Beverly Hills,City,Beverly Hills,34627.0,27384.000000000004,387.00000000000006,3261.9999999999977,1958.0000000000007,1635.9999999999982,1.0,0.7908279666156468,0.011176249747307016,0.09420394489848956,0.05654547029774455,0.04724636844081203
Beverlywood,Incorporated neighborhood,Beverlywood,6658.303378404139,5217.299474140698,179.51205246343903,654.3621660979122,439.19501669382004,167.93466900827264,1.0,0.7835779143171424,0.026960629797326004,0.0982776135164255,0.06596200138887126,0.025221840980235298
Boyle Heights,Incorporated neighborhood,Boyle Heights,93156.89719321141,2214.6710182767624,977.9680156657972,3004.056462140993,86777.21997389034,182.98172323759783,1.0,0.023773559285507756,0.010498074164465241,0.03224727908133792,0.9315168558470841,0.0019642316216059224
Bradbury,City,Bradbury,928.7616099071208,506.15479876160987,16.22291021671827,266.86687306501545,122.48297213622291,17.034055727554186,1.0,0.5449781659388645,0.017467248908296946,0.28733624454148465,0.1318777292576419,0.018340611353711796
Brentwood,Incorporated neighborhood,Brentwood,32491.852651402398,26234.969663548403,365.6813797724376,2849.5727646115943,1892.9970312851126,1148.631812184833,1.0,0.8074322490938682,0.011254556140450003,0.08770114758256489,0.058260667730912166,0.03535137945220419
Broadway-Manchester,Incorporated neighborhood,Broadway-Manchester,28775.547362037247,159.10422808907768,8288.183233210473,117.9145264401963,20030.08796847795,180.2574058195651,1.0,0.005529146885976505,0.2880286907815639,0.004097733570682918,0.6960801723932825,0.0062642563684947835
Burbank,City,Burbank,104583.00000000007,59352.00000000008,2318.000000000001,11792.000000000007,26076.00000000003,5044.999999999992,1.0,0.5675109721465251,0.022164214069208182,0.11275255060573898,0.24933306560339644,0.0482391975751316
Calabasas,City,Calabasas,23294.40265069943,17978.13974025588,447.22273053218817,2169.259268633864,1551.499978396895,1148.2809328805956,1.0,0.7717793845087534,0.019198720707215042,0.09312362721474339,0.06660398215235239,0.04929428541693546
Canoga Park,Incorporated neighborhood,Canoga Park,62552.9144880927,14253.503611037871,2756.581515439079,8215.22496451115,36165.34473576785,1162.2596613366966,1.0,0.22786314159272478,0.04406799488077905,0.13133240923690237,0.5781560304860316,0.018580423803561372
Carson,City,Carson,92832.50867805447,6864.699651529939,19403.234999998265,25499.130715008043,37137.16614424526,3928.277167272922,1.0,0.07394715223453557,0.20901336478247276,0.2746788929666835,0.4000448406822432,0.04231574933406452
Carthay,Incorporated neighborhood,Carthay,4641.140079540432,2881.9710561201946,428.82501104728243,352.5651789659743,660.4387980556785,317.34003535130347,1.0,0.6209618771958222,0.09239648097192206,0.07596520960877472,0.14230098353788007,0.06837544868560111
Castaic,Unincorporated neighborhood,Castaic,19515.17254518298,11059.636674000414,614.6754288984895,1894.8271449877707,5248.455317478615,697.5779798176868,1.0,0.5667199020861496,0.03149730946397462,0.09709507515758448,0.2689422963249236,0.03574541696736743
Castaic Canyons,Unincorporated area,Castaic Canyons,35308.971515419726,16368.17598622772,2463.654796092146,4409.181042396943,10195.789377906165,1872.1703127967435,1.0,0.4635698884369826,0.0697741874190883,0.12487424167739965,0.28875917197003537,0.05302251049649381
Central-Alameda,Incorporated neighborhood,Central-Alameda,42832.92021276595,189.99999999999991,4022.6861702127662,207.0,38234.234042553195,178.99999999999991,1.0,0.0044358404483328265,0.09391575802515192,0.00483273143581524,0.8926366414577972,0.004179028632903032
Century City,Incorporated neighborhood,Century City,6024.470354526039,4346.037747330376,191.10025431246913,979.7017052735338,343.63739247576797,163.9932551338919,1.0,0.7213974825297801,0.031720673032924813,0.16262038778853108,0.05704026615677534,0.02722119049198868
Cerritos,City,Cerritos,49796.99999999997,7691.000000000003,4047.999999999998,30250.0,6315.999999999994,1492.0000000000018,1.0,0.15444705504347667,0.08129003755246302,0.6074663132317212,0.12683494989658006,0.029961644275759636
Charter Oak,Unincorporated neighborhood,Charter Oak,9830.559951263544,2565.4433556621248,407.9095389241728,1227.479262941325,5346.7533704590915,282.9744232768278,1.0,0.2609661472368502,0.04149402892067641,0.12486361601238741,0.5438910292970505,0.028785178533035288
Chatsworth,Incorporated neighborhood,Chatsworth,42826.315638374035,20524.721224212848,1669.1550507371094,9395.617246816544,9369.59771889353,1867.2243977139892,1.0,0.47925489079013617,0.03897498596030245,0.21938887589941797,0.21878131656270727,0.04359993078743584
Chatsworth Reservoir,Incorporated neighborhood,Chatsworth Reservoir,18.063670411985022,5.463171036204743,0.3795255930087391,0.4044943820224719,11.147315855181024,0.6691635455680399,1.0,0.30243969866611364,0.021010436104775727,0.022392701637984652,0.6171124473011265,0.0370447162899993
Chesterfield Square,Incorporated neighborhood,Chesterfield Square,6518.639059348501,105.40010626403445,2976.562047291973,99.51201022657072,3297.847889296032,39.31700626988919,1.0,0.016169035484926597,0.4566232338057175,0.015265764727970128,0.5059104913266408,0.0060314746547446806
Cheviot Hills,Incorporated neighborhood,Cheviot Hills,7876.071567948134,6224.728380049309,193.78820519502625,663.0358863009629,617.676113418429,176.84298298440876,1.0,0.7903341566093678,0.02460467804579787,0.08418357814309405,0.07842439064826139,0.022453196553479226
Chinatown,Incorporated neighborhood,Chinatown,10147.855829100632,934.2422076205527,509.1692263618769,6208.121704374798,2337.768979942753,158.5537108006516,1.0,0.09206301541469093,0.05017505519754736,0.6117668410869611,0.23037073242988132,0.01562435587091935
Citrus,Unincorporated neighborhood,Citrus,12148.843538140994,1913.2162898994732,279.86334897434887,1034.2894073544894,8766.807199539862,154.66729237281808,1.0,0.157481350705767,0.023036213125613544,0.08513480349856868,0.7216166026022713,0.012731030067779203
Claremont,City,Claremont,35765.34300308082,18651.595596908734,1583.8768195601874,5369.9056775648605,8908.672157629924,1251.2927514171165,1.0,0.5214991394127574,0.044285240586781245,0.15014271433388174,0.24908672501372436,0.034986180652855206
Commerce,City,Commerce,13220.033107599695,260.824931025834,323.54928517682475,137.32781540005013,12310.36292952094,187.96814647604717,1.0,0.01972952177221823,0.02447416602843669,0.010387857146976855,0.9311900226970067,0.014218432355361608
Compton,City,Compton,98703.65379538633,1121.2922405912034,29801.201815186232,1311.6208007184462,65634.50665545798,835.0322834324215,1.0,0.01136018979515848,0.301926024713983,0.013288472617614028,0.6649653192324468,0.008459993640797248
Covina,City,Covina,48300.682496520036,11804.26656303075,1747.6803136028818,5530.396614732883,28099.771507656693,1118.5674974968558,1.0,0.24439129952006833,0.03618334614068442,0.11449934719103268,0.5817675870249085,0.02315842012330667
Cudahy,City,Cudahy,24106.0,645.0000000000001,34.99999999999999,182.0,23170.00000000001,74.00000000000001,1.0,0.026756824027213147,0.0014519206836472245,0.0075499875549655685,0.9611714925744632,0.0030697751597112757
Culver City,City,Culver City,39589.930039055864,19047.646119884543,3127.9507556461194,6175.832229580573,9193.197147223636,2045.3037867210053,1.0,0.48112351047586716,0.07900874673333255,0.15599502761151768,0.23221049236900532,0.051662222810277575
Cypress Park,Incorporated neighborhood,Cypress Park,9743.951158458349,583.7539195124358,103.13678567903669,911.1895812771418,8094.203461804184,51.66741018555072,1.0,0.059909364283471545,0.010584698548032808,0.0935133567953256,0.8306900691695194,0.005302511203650711
Del Aire,Unincorporated neighborhood,Del Aire,10662.39101968238,2802.092813921459,835.3688188107906,847.9831402064634,5766.813183584993,410.1330631586737,1.0,0.26280154317628185,0.078347231617067,0.07953029847068241,0.5408555335233597,0.03846539321260899
Del Rey,Incorporated neighborhood,Del Rey,30090.33058984248,11193.065354434319,1152.7524208917646,4604.168713667423,11732.925696561086,1407.4184042878815,1.0,0.3719821329650906,0.03830972934810149,0.15301156961105775,0.3899234560261608,0.04677311204958912
Desert View Highlands,Unincorporated neighborhood,Desert View Highlands,2358.990199719677,644.2558059822335,238.8797204039077,124.23041853484163,1213.8421452631742,137.7821095355214,1.0,0.2731066055546952,0.10126354930694252,0.05266254117952849,0.5145600627791574,0.058407241179676925
Diamond Bar,City,Diamond Bar,56275.761281198575,11272.735782690967,2133.2407585958845,30101.342038301016,11138.316168795835,1630.126532814887,1.0,0.20031245292912858,0.03790691960498788,0.5348900015388635,0.19792386482592259,0.028966761101097773
Downey,City,Downey,113223.00000000006,16614.00000000001,4039.0000000000014,7905.999999999994,83447.99999999996,1215.9999999999989,1.0,0.14673697040353995,0.03567296397375091,0.06982680197486367,0.7370233963064035,0.01073986734144121
Downtown,Incorporated neighborhood,Downtown,43638.11289921847,12762.718080700628,7572.320271604635,11066.384365498885,10202.438564285909,2034.2516171283944,1.0,0.29246723180206996,0.17352538339805823,0.25359447579817496,0.23379651150012556,0.04661639750157085
Duarte,City,Duarte,21792.00000000001,5295.0,1802.0,3822.9999999999986,10148.999999999996,723.0000000000003,1.0,0.24297907488986772,0.0826908957415565,0.17543135095447857,0.4657213656387661,0.0331773127753304
Eagle Rock,Incorporated neighborhood,Eagle Rock,33720.636721652685,10335.582729973628,447.79912091365776,8383.703629022959,13661.316993787641,892.2342479548198,1.0,0.3065061557196797,0.013279675725284188,0.2486223406226377,0.40513223716844704,0.026459590763951935
East Hollywood,Incorporated neighborhood,East Hollywood,69601.99373737184,14473.986925596835,1937.7279135432773,12596.081515357242,39327.95434494866,1266.243037925821,1.0,0.20795362529716194,0.027840120799626472,0.18097299860239416,0.5650406293438122,0.018192625957005153
East Los Angeles,Unincorporated neighborhood,East Los Angeles,123991.97559581527,2231.34606480573,326.980993755091,1710.8771906282745,119384.77134662625,338.0,1.0,0.017995890896031805,0.0026371141534269303,0.01379828962646206,0.96284272246611,0.002725982857969782
East Pasadena,Unincorporated neighborhood,East Pasadena,6141.1667107700405,1699.5461762371006,90.74755226250328,1580.4085736967447,2587.9883567081224,182.47605186557288,1.0,0.27674646468341757,0.014776923756744009,0.25734663267243846,0.4214163983155596,0.02971358057184092
East Rancho Dominguez,Unincorporated neighborhood,East Rancho Dominguez,15033.684795787543,149.238289366379,2306.9801493724804,57.79918511299649,12325.938717009409,193.7284549262771,1.0,0.009926926857492434,0.15345407201958225,0.0038446452681508854,0.8198880636677411,0.012886292187033218
East San Gabriel,Unincorporated neighborhood,East San Gabriel,15456.388519930733,2740.3354027294645,187.43293558089619,8153.753328626968,3939.0322449534965,435.83460803991653,1.0,0.1772946765148826,0.012126567298641904,0.5275328915362635,0.2548481645550114,0.028197700095201134
East Whittier,Unincorporated neighborhood,East Whittier,10435.0,3722.0000000000014,25.00000000000001,507.0,6009.999999999997,171.00000000000009,1.0,0.3566842357450888,0.0023957834211787263,0.04858648778150455,0.5759463344513653,0.01638715860086249
Echo Park,Incorporated neighborhood,Echo Park,36382.41835631754,9575.471567292218,1080.493078664325,6381.278723331607,18276.59310908964,1068.5818779397532,1.0,0.2631895294456012,0.02969822038992373,0.1753945727531206,0.5023468459434073,0.02937083146794726
El Monte,City,El Monte,115190.93914126356,4750.580723180709,495.0339728890046,33598.44257757137,75643.97286075345,702.9090068692562,1.0,0.0412409236229498,0.004297507916676704,0.29167608865805117,0.6566833591658456,0.006102120636478612
El Segundo,City,El Segundo,16900.999999999996,11274.999999999984,275.00000000000006,1286.9999999999973,3074.0,989.9999999999997,1.0,0.6671202887403104,0.016271226554641745,0.07614934027572319,0.1818827288326135,0.05857641559671024
El Sereno,Incorporated neighborhood,El Sereno,41814.3560336713,3017.1082186405847,594.5215769601041,4032.844702835173,33699.27885122139,470.60268401405676,1.0,0.07215484117969048,0.01421812107978804,0.09644641423121994,0.8059260514280027,0.011254572081299081
Elizabeth Lake,Unincorporated neighborhood,Elizabeth Lake,1779.9769052097565,1313.3210722563122,9.152163994723713,35.69595477672706,366.55282127432565,55.25489290766792,1.0,0.7378304001655277,0.005141731877496018,0.020054167372761823,0.20593122315321852,0.03104247743099597
Elysian Park,Incorporated neighborhood,Elysian Park,2382.091259121238,203.1384873611329,92.00470728405192,871.3099155774513,1190.0633650804436,25.57478381815851,1.0,0.08527737406503536,0.038623502324588846,0.3657752037169561,0.499587646159057,0.01073627373436278
Elysian Valley,Incorporated neighborhood,Elysian Valley,6760.813757884446,653.6119805937916,82.19368599765747,1321.2048585366902,4641.306945295124,62.49628746118221,1.0,0.09667652504575366,0.012157365805529455,0.19542098123852383,0.6865012277379245,0.009243900172268343
Encino,Incorporated neighborhood,Encino,46342.403021045895,34700.87594855412,1495.3457862894552,3548.5103522225295,5284.228686430685,1313.4422475491033,1.0,0.748793193412847,0.03226733377659247,0.07657156558348975,0.11402578075269232,0.028342126474378504
Exposition Park,Incorporated neighborhood,Exposition Park,35393.633758027674,1234.8931112372854,8139.130866151267,1652.6958909605596,23563.16271930276,803.7511703758171,1.0,0.034890260764965896,0.2299603064719293,0.046694722058192445,0.6657457914718454,0.02270891923306737
Fairfax,Incorporated neighborhood,Fairfax,12190.468782585407,9215.650396942649,463.62079227213275,790.5805663854077,1091.3281851730098,629.2888418122159,1.0,0.7559717810120304,0.03803141622694891,0.0648523514956853,0.08952306959122176,0.051621381674114224
Florence,Incorporated neighborhood,Florence,52473.99999999994,347.00000000000017,9758.00000000001,99.0,42020.0,249.99999999999997,1.0,0.006612798719365791,0.18595876052902427,0.0018866486259862048,0.8007775279185891,0.00476426420703587
Florence-Firestone,Unincorporated neighborhood,Florence-Firestone,63384.03283659918,397.89230721824913,4662.932775919732,184.9939799331102,57767.296693443015,370.9170800850464,1.0,0.006277484871371238,0.07356636312398324,0.002918621167731869,0.9113856299166727,0.005851900920240462
Gardena,City,Gardena,59898.00000000008,5702.0,14713.999999999984,15293.000000000005,22202.000000000004,1986.9999999999984,1.0,0.09519516511402705,0.2456509399312158,0.25531737286720735,0.37066346121740246,0.03317306087014584
Glassell Park,Incorporated neighborhood,Glassell Park,22645.593438974516,3698.553625676196,364.8407130447673,4251.554473305977,13766.846076073369,563.7985508742099,1.0,0.16332332538085526,0.016110892126891808,0.18774312471709306,0.6079260458849246,0.02489661189023541
Glendale,City,Glendale,198652.74141631828,121168.99100570935,2699.9999999999977,32197.29449349548,36300.73970653412,6285.716210579369,1.0,0.6099537823733046,0.013591556707196827,0.16207827923209642,0.18273465267946312,0.031641729007939226
Glendora,City,Glendora,51723.167721654434,27719.43203906461,1122.0184912529496,5161.335428821725,15779.577254475249,1940.8045080399427,1.0,0.5359190718603182,0.021692764397011306,0.09978769004630934,0.30507754937578907,0.037522924320572984
Gramercy Park,Incorporated neighborhood,Gramercy Park,10726.000000000004,92.00000000000004,8217.000000000002,37.000000000000014,2109.0,271.00000000000006,1.0,0.00857728883087824,0.7660824165578967,0.0034495618124184228,0.19662502330785,0.02526570949095655
Granada Hills,Incorporated neighborhood,Granada Hills,55502.68361027192,23886.508022826445,2557.2468529707944,9132.08526351125,17766.25315542128,2160.590315542128,1.0,0.43036672227513256,0.046074292027521405,0.16453412104601675,0.32009719169927253,0.03892767295205643
Green Meadows,Incorporated neighborhood,Green Meadows,34411.45263796273,340.8957719109222,10184.81676678952,99.08547355980363,23463.912031522046,322.74259418043493,1.0,0.009906462697097706,0.29597171830966607,0.002879433036502868,0.6818634562853836,0.00937892967134974
Green Valley,Unincorporated neighborhood,Green Valley,964.3935283445156,791.6055598858212,2.529287226534933,15.398058226861462,101.9964872181084,52.86413578718968,1.0,0.820832509364405,0.0026226712977602874,0.015966571502500512,0.10576230990806859,0.054815937927265655
Griffith Park,Incorporated neighborhood,Griffith Park,3.928571428571428,0.7857142857142856,0.0,2.357142857142857,0.7857142857142856,0.0,1.0,0.2,0.0,0.6000000000000001,0.2,0.0
Hacienda Heights,Unincorporated neighborhood,Hacienda Heights,54391.768319398376,7118.226091463806,520.5008827153064,21471.75384027135,24501.553752686978,779.7337522609506,1.0,0.13086954720178035,0.009569478963412816,0.3947610916818387,0.4504643719029208,0.014335510250047616
Hancock Park,Incorporated neighborhood,Hancock Park,10794.139651773798,7655.714666822772,190.02832820299477,1615.231215481656,941.78327245406,391.382168812315,1.0,0.7092473243631521,0.017604768358890695,0.1496396440652151,0.08724949860170626,0.03625876461103589
Hansen Dam,Incorporated neighborhood,Hansen Dam,73.51040650406505,36.45252032520325,4.071382113821138,4.949756097560977,25.876422764227645,2.1603252032520324,1.0,0.4958824479250767,0.05538511222347812,0.06733408687227516,0.35201033424834494,0.02938801873082512
Harbor City,Incorporated neighborhood,Harbor City,26104.10706697306,4766.216565491496,2639.208903313796,5181.435114492223,12488.944434403706,1028.3020492718276,1.0,0.1825849301515361,0.10110320558150504,0.19849118382784214,0.4784283332259516,0.03939234721316464
Harbor Gateway,Incorporated neighborhood,Harbor Gateway,41312.996943298174,3289.883386825613,6258.890722909978,7262.835549442153,23377.4380253706,1123.949258749808,1.0,0.0796331331600309,0.15149931464667804,0.17580025867913548,0.5658615872737576,0.02720570624039745
Harvard Heights,Incorporated neighborhood,Harvard Heights,19379.53379596502,1022.3562904982108,1642.1474393800925,3913.077720190091,12592.798898925275,209.15344697134282,1.0,0.05275443162162517,0.0847361684067963,0.20191805238394467,0.6497988564382906,0.010792491149342835
Harvard Park,Incorporated neighborhood,Harvard Park,11369.302379225352,150.95361733553042,4089.692416310962,93.993418671037,6949.197160381349,85.4657665264784,1.0,0.01327729814024136,0.35971357607515875,0.008267298690444475,0.6112245878057853,0.007517239288370622
Hasley Canyon,Unincorporated neighborhood,Hasley Canyon,1204.5694520665168,573.0827309905081,31.079241287639164,50.10804026224345,497.6544140557519,52.645025470373895,1.0,0.47575731727825876,0.02580112025447824,0.04159829902400386,0.4131388299794533,0.043704433463805634
Hawaiian Gardens,City,Hawaiian Gardens,14295.493436781488,1188.699401136087,546.2093767308323,2088.727938555178,10275.757084352446,196.0996360069368,1.0,0.08315203713623703,0.03820850110185542,0.1461109368341914,0.7188109406502549,0.013717584277460731
Hawthorne,City,Hawthorne,86510.46616826311,8678.875225957237,18916.099650757627,6418.68192555618,48308.182137957716,4188.6272280344765,1.0,0.10032167910269724,0.21865677632537267,0.0741954379609032,0.5584085287900098,0.048417577821018604
Hermosa Beach,City,Hermosa Beach,19726.000000000004,16127.000000000002,261.99999999999994,927.0,1561.999999999998,847.9999999999999,1.0,0.8175504410422791,0.013281962891615122,0.04699381526918787,0.07918483220115571,0.042988948595761925
Hidden Hills,City,Hidden Hills,1890.8637249689887,1463.9475456317566,0.0,215.43150806308705,152.93992557150455,58.544745702640455,1.0,0.7742216037571752,0.0,0.1139328578883284,0.08088363193598885,0.030961906418507566
Highland Park,Incorporated neighborhood,Highland Park,55307.79772602687,8166.735158576871,956.2432955818448,6146.904501507781,39141.48435699559,896.430413364779,1.0,0.1476597422850151,0.017289484211949622,0.111139925186628,0.7077028188843669,0.01620802943204037
Historic South-Central,Incorporated neighborhood,Historic South-Central,49877.24532535097,600.2623001337827,3235.5151405512156,564.0253342762998,45239.481168077255,237.9613823124185,1.0,0.012034792543538668,0.06486956365464533,0.011308269544501573,0.9070164335054709,0.004770940751843617
Hollywood,Incorporated neighborhood,Hollywood,73219.55121773845,33104.43449652908,4718.8099175393345,4842.355069398262,27623.47363561612,2930.47809865573,1.0,0.45212561325436085,0.06444740290071782,0.06613472752650708,0.3772690924241004,0.04002316389431489
Hollywood Hills,Incorporated neighborhood,Hollywood Hills,21575.562909374337,16139.537362936271,685.932220498442,1571.7856464255406,2086.9893728014717,1091.3183067125974,1.0,0.748047104528792,0.031792089197376736,0.07285027292347573,0.09672931276776554,0.05058122058258939
Hollywood Hills West,Incorporated neighborhood,Hollywood Hills West,16565.137279616116,13080.494439087872,553.9339439359854,793.7643179672052,1469.9924470875414,666.9521315374949,1.0,0.7896399660498921,0.033439743636632414,0.04791776274283916,0.08874013068979573,0.04026239688083955
Huntington Park,City,Huntington Park,58926.96716340075,906.1076927817512,229.0672240802675,503.00602006688973,57219.70330655696,69.08291991495393,1.0,0.015376791584558762,0.003887307205970376,0.008536092120133823,0.9710274609567185,0.0011723481326196775
Hyde Park,Incorporated neighborhood,Hyde Park,35405.596553561896,930.0506306626396,19710.80689287616,449.4476816486056,13462.995381062368,852.2959673121343,1.0,0.02626846377960758,0.5567144409799021,0.012694255298556466,0.3802504883852312,0.024072351556703005
Industry,City,Industry,233.74567179867788,13.597954102677894,1.5065433045812406,36.453495280477036,180.24741420721747,1.9402649037241824,1.0,0.058174142853817785,0.006445224388491808,0.15595366964430452,0.7711262108949861,0.008300752218399609
Inglewood,City,Inglewood,110659.42725425679,4055.160296794045,46103.556879844895,1766.7482443683898,55992.250811423604,2741.711021825899,1.0,0.03664541194015671,0.4166256596820711,0.015965636983725013,0.5059871734449966,0.024776117949051036
Irwindale,City,Irwindale,1319.0000000000005,61.00000000000001,0.0,7.999999999999999,1250.0000000000005,0.0,1.0,0.04624715693707353,0.0,0.006065200909780134,0.9476876421531464,0.0
Jefferson Park,Incorporated neighborhood,Jefferson Park,25405.47309421304,1424.4082866271854,9067.031927502643,850.9281249252488,13450.20550048812,612.8992546698441,1.0,0.05606698530450286,0.35689285902603274,0.03349389014602041,0.5294215719034124,0.024124693620031532
Koreatown,Incorporated neighborhood,Koreatown,108349.78183931537,9153.194141436585,5041.222164519339,41518.52795137965,50297.804656262415,2339.0329257174662,1.0,0.08447819631986829,0.04652729409271501,0.3831897697122487,0.4642169444406906,0.02158779543447806
L.A. County Jail,Unincorporated area,L.A. County Jail,7480.6375745274645,1428.1131548902697,2511.444373969301,224.2024609920081,3071.008499302296,245.86908537358872,1.0,0.19090794610250592,0.33572597909583174,0.029971036393401332,0.41052764135499303,0.03286739705326785
La Canada Flintridge,City,La Canada Flintridge,20610.44030882532,12032.159428857789,74.8853302356455,5783.356799607229,1970.591510247018,749.4472398776459,1.0,0.5837895381451729,0.0036333687739596643,0.28060326285852394,0.09561132516917736,0.03636250505316643
La Crescenta-Montrose,Unincorporated neighborhood,La Crescenta-Montrose,18938.4149135118,10440.269733500025,125.11466976435445,5236.550387569613,2654.0385311180275,482.44159155978934,1.0,0.5512747387349356,0.006606396065126346,0.27650415367304815,0.14014047866405532,0.02547423286283514
La Habra Heights,City,La Habra Heights,5437.44307126128,2668.942072904493,9.13243164322442,1045.6151847955553,1561.161827780587,152.5915541374205,1.0,0.4908450604312074,0.0016795452427800853,0.19229905878407885,0.28711322717691584,0.028063108365017797
La Mirada,City,La Mirada,49130.00000000004,16818.0,956.0,9745.0,20117.99999999999,1493.0,1.0,0.34231630368410315,0.019458579279462637,0.19835131284347635,0.4094850396906162,0.030388764502340706
La Puente,City,La Puente,40009.992891923626,1362.5133739803591,381.8240197069615,4333.184500053247,33658.190784355895,274.28021382715764,1.0,0.03405432681932304,0.009543216384425703,0.1083025561078752,0.8412446079476835,0.006855292740692377
La Verne,City,La Verne,32178.655172039424,16470.985894601083,1342.9918225177319,2357.240041193555,11068.435514335237,939.0018993917987,1.0,0.5118606046940396,0.041735486313445445,0.07325477179176215,0.3439682440163872,0.02918089318436506
Ladera Heights,Unincorporated neighborhood,Ladera Heights,7352.532489331717,1033.05335021388,5347.644702340253,228.4210633793049,500.28248941527266,243.13088398300687,1.0,0.140503064993294,0.7273201050249706,0.031066991368040378,0.0680422004446993,0.03306763816899575
Lake Balboa,Incorporated neighborhood,Lake Balboa,27484.01186440676,10006.133898305085,1046.3118644067797,2903.0322033898324,12619.579661016944,908.9542372881357,1.0,0.3640710805857115,0.03806983745927604,0.10562621707893424,0.4591607558341933,0.03307210904188552
Lake Hughes,Unincorporated neighborhood,Lake Hughes,659.8673404607944,339.4086287538985,25.702024364282728,46.596248597102544,231.41232328461882,16.74811546089152,1.0,0.5143588838885174,0.03895029013912805,0.07061457014157384,0.350695221744147,0.025381034086633354
Lake Los Angeles,Unincorporated neighborhood,Lake Los Angeles,11515.763563542756,3610.484526323136,1172.5352908722375,228.34351730344503,6251.869008093834,252.5312209501005,1.0,0.31352541291776853,0.10182002126062356,0.019828777835136147,0.5428966106847095,0.02192917730176207
Lake View Terrace,Incorporated neighborhood,Lake View Terrace,11862.512432546197,2374.883018715289,1238.2041016875555,815.3692138332385,7177.619398604288,256.4366997058339,1.0,0.20020067689872495,0.10437958305446299,0.068734951256715,0.6050673868135763,0.021617401976521407
Lakewood,City,Lakewood,81162.47000680595,29660.248668549833,5783.291036421901,15126.36624677465,27627.660551654586,2964.903503404951,1.0,0.3654429031800369,0.0712557298457888,0.18637143799968406,0.3403994549369659,0.036530474037524074
Lancaster,City,Lancaster,159073.26118071214,54146.06102511214,32505.85332881864,6285.5126847243155,61385.21074936494,4750.623392691889,1.0,0.34038442805042224,0.20434517459154236,0.03951332007699131,0.38589270310884893,0.029864374172193744
Larchmont,Incorporated neighborhood,Larchmont,8597.190067881385,2577.5584137191863,364.7909967845659,2294.6888174347987,3042.599857091818,317.55198285101807,1.0,0.29981405475130746,0.042431421651058336,0.2669114907680855,0.3539063150946027,0.036936717734946244
Lawndale,City,Lawndale,33160.999999999985,4896.999999999998,3015.0000000000014,3503.0,20659.99999999999,1086.0000000000011,1.0,0.14767347184946172,0.09092005669310342,0.10563613883779142,0.6230210186665058,0.03274931395313777
Leimert Park,Incorporated neighborhood,Leimert Park,11817.922449567981,486.2271239617571,7970.181711295671,335.15559029008085,2530.668796393998,495.6892276264752,1.0,0.04114319805673896,0.6744147920506139,0.028359941581976862,0.2141382131413893,0.041943855169281105
Lennox,Unincorporated neighborhood,Lennox,22187.18275308189,443.51261652207154,815.4095343994259,379.04279960732936,20409.54465116991,139.67315138315928,1.0,0.01998958684650785,0.03675137774245638,0.017083863410043747,0.9198799540394529,0.006295217961539444
Leona Valley,Unincorporated neighborhood,Leona Valley,1753.5263458675674,1318.0863455563126,107.3437198420745,36.672750152616075,234.98753432361855,56.43599599294459,1.0,0.751677526067726,0.061215915058844224,0.020913714948760587,0.1340085564596163,0.03218428746505234
Lincoln Heights,Incorporated neighborhood,Lincoln Heights,28029.279524037673,1317.2500084122196,140.66431699457164,6711.254992375002,19560.372416643066,299.73778961281533,1.0,0.046995500090630485,0.005018477798330104,0.2394372993647406,0.697854984102187,0.010693738644111874
Littlerock,Unincorporated neighborhood,Littlerock,1389.8729430501398,492.10223282941973,102.5968337869765,18.87758514842547,720.5468055155683,55.749485769749995,1.0,0.3540627474547989,0.07381741928281808,0.013582238033210249,0.518426385029336,0.04011121019983682
Lomita,City,Lomita,20280.13673350772,9018.004649811104,738.6711711711711,3286.631938390004,6142.352368497527,1094.476605637896,1.0,0.44467178739042557,0.036423382193015816,0.16206162619010792,0.30287529365365995,0.0539679105727899
Long Beach,City,Long Beach,469544.98006868275,130172.63275288635,58819.07477085778,64297.93348842747,199222.06623755686,17033.272818953683,1.0,0.277231443798729,0.1252682432304015,0.13693668597846,0.42428750107905666,0.03627612591335156
Lopez/Kagel Canyons,Unincorporated neighborhood,Lopez/Kagel Canyons,1215.1937933364045,307.0641027688214,97.51149966733202,55.379124417831,726.3330274834946,28.90603899892523,1.0,0.2526873527931328,0.08024357942086503,0.045572257463382455,0.5977096257949882,0.023787184527631233
Los Feliz,Incorporated neighborhood,Los Feliz,33636.48290314149,22244.04073827817,758.3960150231717,4115.297335762323,5162.046475825873,1356.7023382519415,1.0,0.6613069744042912,0.022546828608895404,0.12234624373816365,0.15346570242466587,0.040334250823983495
Lynwood,City,Lynwood,71423.99053371744,1645.1160458390846,6078.554300173512,625.9999999999998,62862.53947340699,211.78071429781212,1.0,0.0230331018127931,0.08510521821521555,0.00876456209352348,0.8801319977176463,0.002965120160820976
Malibu,City,Malibu,12895.290280396355,10458.810488198897,234.77941019293263,614.2832831468354,1070.8386876869845,516.5784111707151,1.0,0.8110566153054005,0.018206601409341546,0.04763625089391586,0.0830410688245531,0.040059463566789695
Manchester Square,Incorporated neighborhood,Manchester Square,11916.936569134548,141.8247657453023,8604.692295132454,153.6007435825565,2601.7698792510164,415.048885423227,1.0,0.011901109393552989,0.7220557267560717,0.01288928095668395,0.21832539463117798,0.03482848826251404
Manhattan Beach,City,Manhattan Beach,35573.00000000004,26819.00000000002,311.9999999999999,3399.0000000000014,2933.9999999999986,2109.000000000007,1.0,0.7539144857054505,0.008770696876844786,0.09554999578331876,0.0824782840918673,0.059286537542518336
Mar Vista,Incorporated neighborhood,Mar Vista,37601.2851625362,18957.341808818797,1353.0576118442232,4922.942710009659,10488.692307692303,1879.2507241712267,1.0,0.5041673902068332,0.03598434484341331,0.13092485240144403,0.278945048350173,0.049978364198136664
Marina del Rey,Unincorporated neighborhood,Marina del Rey,9782.000000000002,7019.000000000001,626.9999999999999,795.9999999999999,901.0,439.0,1.0,0.7175424248619914,0.06409732161112244,0.08137395215702307,0.09210795338376608,0.044878347986096905
Mayflower Village,Unincorporated neighborhood,Mayflower Village,5738.126209631237,1593.1161401226984,31.354281121943327,2394.648058673801,1582.970840302646,136.0368894101477,1.0,0.2776369988949896,0.005464202071630335,0.41732230543386645,0.2758689478885436,0.023707545710970022
Maywood,City,Maywood,27672.0,412.9999999999997,103.0,27.000000000000004,27094.000000000004,34.999999999999986,1.0,0.014924833766984667,0.0037221740387395202,0.0009757155247181267,0.9791124602486269,0.0012648164209309043
Mid-City,Incorporated neighborhood,Mid-City,51250.19896452483,8402.190756519594,13166.598114074552,2722.882500217013,25192.196116214545,1766.3314774991281,1.0,0.1639445490218595,0.25690823411609415,0.05312920837832806,0.49155313784542526,0.03446487063829304
Mid-Wilshire,Incorporated neighborhood,Mid-Wilshire,45021.53700312706,17862.690958894877,5908.244006598515,10058.75921828053,8684.725171498654,2507.117647854556,1.0,0.3967587991865802,0.13123150385088245,0.22342105329682277,0.19290156999516564,0.05568707367055059
Mission Hills,Incorporated neighborhood,Mission Hills,20067.07436672088,3407.3881013246582,322.4231931210783,1803.511735998141,14193.144550313735,340.60678596328137,1.0,0.16979994388098002,0.016067274542809443,0.08987417413417645,0.7072851921978005,0.01697341524423419
Monrovia,City,Monrovia,37440.08199514263,14383.851517138692,2511.3666325097947,4825.227954869032,14229.802745176741,1489.8331454483655,1.0,0.3841832269225482,0.06707695332599999,0.1288786695364354,0.3800686854003919,0.039792464814624395
Montebello,City,Montebello,63610.41321916785,5458.243866353518,759.3893735462148,8252.238137026976,48300.04686394338,840.4949782978064,1.0,0.08580739520661963,0.011938129861376006,0.1297309311384934,0.7593103773359711,0.013213166457540608
Montecito Heights,Incorporated neighborhood,Montecito Heights,16504.182165406717,2393.2973859927874,711.7391853677029,3164.830919649804,9847.646871798785,386.6678025976431,1.0,0.14501157112826915,0.043124777600887766,0.19175933032800552,0.596675846952281,0.023428473990556826
Monterey Park,City,Monterey Park,61302.939451534054,2428.2821069780052,212.01900624490898,39461.78414336132,17979.854194949763,1220.9999999999993,1.0,0.039611185510897054,0.0034585455141597356,0.6437176503511663,0.2932951397732663,0.01991747885050959
Mount Washington,Incorporated neighborhood,Mount Washington,12756.06657746108,3769.2363740131,330.9233534288814,1630.9357389533773,6835.102608209987,189.86850285573303,1.0,0.2954857871840392,0.02594242915081642,0.12785569352821555,0.5358315250789809,0.014884565057947803
North El Monte,Unincorporated neighborhood,North El Monte,3878.373996789727,922.853244668654,18.781472139417566,1639.9639990827793,1213.9660628296265,82.80921806925015,1.0,0.23794849218578035,0.004842615012106539,0.42284833810257544,0.31300902487343174,0.021351529826106094
North Hills,Incorporated neighborhood,North Hills,59789.75277777772,10611.51111111111,1981.319444444444,7762.999999999997,38224.92777777778,1208.9944444444445,1.0,0.17748043131322544,0.0331381106693729,0.12983830237353483,0.6393223922475388,0.020220763396328945
North Hollywood,Incorporated neighborhood,North Hollywood,78329.10561156218,25011.66854835965,4630.9783224869625,5617.948898718916,41030.618734446936,2037.891107549744,1.0,0.31931513009217444,0.05912206307387458,0.07172236750127847,0.5238234040092294,0.02601703532344343
North Whittier,Unincorporated neighborhood,North Whittier,1659.6404660518062,104.72727437539857,16.223746498044147,118.15646128023408,1401.6052943322547,18.927689565874914,1.0,0.06310238664193277,0.009775458498333408,0.07119401080965555,0.8445234513150893,0.011404692734989072
Northeast Antelope Valley,Unincorporated area,Northeast Antelope Valley,3494.6305890978997,1646.2725731006344,216.5930571233796,68.3667632914874,1450.6002867464426,112.79790883595736,1.0,0.4710862939952693,0.06197881338275892,0.019563373452052203,0.41509402775556287,0.03227749141435716
Northridge,Incorporated neighborhood,Northridge,66679.73013539017,26011.53514158588,5329.357550645106,10974.35269752652,22223.128761969787,2141.355983662864,1.0,0.3900965869053554,0.0799247018520334,0.16458304008194985,0.3332816242184354,0.03211404694222574
Northwest Antelope Valley,Unincorporated area,Northwest Antelope Valley,3708.897644239947,2637.6982739311043,287.4216656136251,82.71177949081599,624.9355015555108,76.13042364887716,1.0,0.7111811990895854,0.07749517327877771,0.022300906475343257,0.16849629229484353,0.02052642886144633
Northwest Palmdale,Unincorporated neighborhood,Northwest Palmdale,3455.2368370668237,1948.312847022783,210.467930308252,335.16523071031986,877.4995213478842,83.79130767757998,1.0,0.5638724460569019,0.060912736299408,0.09700210043918267,0.2539621920947104,0.02425052510979567
Norwalk,City,Norwalk,106354.25653256607,12043.203938079907,4175.247046510035,14244.009608724667,74252.7990530735,1638.9968861780542,1.0,0.11323668963256053,0.03925792142819934,0.13392984985385234,0.6981648076335997,0.015410731451789023
Ocean,Unincorporated area,Ocean,0.0,0.0,0.0,0.0,0.0,0.0,,,,,,
Pacific Palisades,Incorporated neighborhood,Pacific Palisades,24934.013300340248,20669.79709248379,346.0210330961949,1264.671203216825,1318.2094030312405,1335.3145685122176,1.0,0.8289799497380445,0.013877470462866607,0.05072072385553622,0.052867919301753656,0.0535539366417999
Pacoima,Incorporated neighborhood,Pacoima,77720.7786306261,2317.377021188535,3160.205450581648,2204.7082552981437,69425.94644311577,612.5414604420455,1.0,0.029816698468784587,0.040661011202689626,0.028367037671819875,0.8932739438068146,0.007881308849891936
Palmdale,City,Palmdale,156836.1432539697,34396.283334039865,19143.89244125583,6507.145095939232,92350.24571482756,4438.57666790731,1.0,0.21931349891932042,0.1220630145836698,0.04149008615572756,0.5888326746551138,0.028300725686169058
Palms,Incorporated neighborhood,Palms,43577.85796842819,17587.42950047437,3399.9235521171513,10325.92020291404,10045.274735233963,2219.309977688662,1.0,0.40358636978477286,0.07801951978870483,0.2369533677032746,0.23051327448246045,0.0509274682407872
Palos Verdes Estates,City,Palos Verdes Estates,13582.000000000005,9031.999999999996,169.00000000000009,2779.0000000000014,908.0,694.0,1.0,0.6649977911942271,0.012442939184214402,0.20460904137829483,0.06685318804299806,0.05109704020026504
Panorama City,Incorporated neighborhood,Panorama City,70563.64836471758,5154.837661050548,1643.6376610505454,10712.104459861252,52501.3754212091,551.6931615460852,1.0,0.07305231206877351,0.023292980155379523,0.15180769005160163,0.744028641345878,0.007818376378366746
Paramount,City,Paramount,54941.00000000002,2634.0000000000023,5096.0,1789.000000000002,44817.00000000002,604.9999999999999,1.0,0.04794233814455509,0.09275404524853931,0.03256220309058811,0.8157296008445424,0.011011812671775171
Pasadena,City,Pasadena,140275.07372969386,52341.083303031686,14281.198311077173,22110.975353744663,47157.470557468165,4384.346204372353,1.0,0.3731317468696647,0.10180852471763188,0.1576258330567831,0.33617854764659966,0.03125534770932194
Pico Rivera,City,Pico Rivera,63716.506323582274,3502.51846372487,439.11645947793676,1562.287270108311,57723.842343700955,488.7417865701429,1.0,0.054970347023382604,0.006891722173966941,0.024519349227565684,0.9059480136991855,0.007670567875898328
Pico-Robertson,Incorporated neighborhood,Pico-Robertson,19703.227531474757,14676.14617788015,704.7116218469473,1626.613282452419,1844.9836902503432,850.7727590448864,1.0,0.7448600060287515,0.035766303805871986,0.08255567672118688,0.09363865322587832,0.04317936021831076
Pico-Union,Incorporated neighborhood,Pico-Union,41127.652655845515,1031.9604447713161,1101.7038406162692,4454.6286488201495,34319.2806668104,220.07905482743118,1.0,0.025091644626711818,0.026787423290001038,0.10831225127522585,0.8344575595887447,0.005351121219317901
Playa Vista,Incorporated neighborhood,Playa Vista,10348.810273555533,4572.631239781778,1034.7387106192798,2797.093180659645,1612.4388279994917,331.90831449533624,1.0,0.4418509102893006,0.099986248009915,0.2702816175698088,0.15580910127609357,0.03207212285488183
Playa del Rey,Incorporated neighborhood,Playa del Rey,10840.372057076347,6837.386637215462,534.0536469678258,1238.9715087323311,1528.1212150728675,701.8390490878578,1.0,0.6307335764137516,0.04926525069028491,0.11429234183189856,0.14096575348401855,0.06474307758004609
Pomona,City,Pomona,152581.25159372052,18173.989289590205,9744.990995751246,14328.986037191282,107107.96924665594,3225.3160245316917,1.0,0.11911023864178445,0.06386755183853991,0.0939105288986959,0.7019733298023619,0.021138350818616758
Porter Ranch,Incorporated neighborhood,Porter Ranch,26842.327306025352,14510.385991997313,703.4237016288844,8091.249707125433,2667.6344505720504,869.6334547016725,1.0,0.5405785357792033,0.026205764262139275,0.3014362210429188,0.09938163781995316,0.032397841095785467
Quartz Hill,Unincorporated neighborhood,Quartz Hill,10490.100199258224,5678.178234675695,876.1654137443239,393.86696738714517,3308.2974206799618,233.59216277110025,1.0,0.5412892276355197,0.08352307386027441,0.03754654006212412,0.31537329080173115,0.022267867640350852
Rancho Dominguez,Unincorporated neighborhood,Rancho Dominguez,3143.480495123781,924.4384846211552,832.8713428357091,280.5461365341335,1081.271567891973,24.352963240810197,1.0,0.2940811899597149,0.2649519677719244,0.08924697861791135,0.34397273008986673,0.007747133560582583
Rancho Palos Verdes,City,Rancho Palos Verdes,42739.09901156183,22584.668354510097,934.73643527758,12229.2658334624,4773.399322537693,2217.029065774013,1.0,0.5284310824708884,0.02187075668171465,0.28613766121167233,0.11168694317225515,0.05187355646346825
Rancho Park,Incorporated neighborhood,Rancho Park,4678.996848186664,2326.8175399685188,103.88759152411991,1285.7853826449984,754.8415096425338,207.66482440649185,1.0,0.4972898284533516,0.022202962492779057,0.27479936925866966,0.16132550077161756,0.044382339023581935
Redondo Beach,City,Redondo Beach,67664.0,41960.00000000005,1925.0000000000007,8405.999999999998,11480.999999999998,3892.0000000000014,1.0,0.6201229605107598,0.02844939702057225,0.12423149680775594,0.16967663750295575,0.057519508157956985
Reseda,Incorporated neighborhood,Reseda,72779.7564526752,20337.924691234428,3171.899846942577,8528.821630638375,38890.601759053774,1850.508524806089,1.0,0.27944480282039824,0.04358217176784721,0.11718672947448255,0.5343601525287085,0.025426143408564115
Ridge Route,Unincorporated area,Ridge Route,555.9331225486717,338.2367866380406,25.17206175801631,31.146786671405483,149.1168134617885,12.260674019420954,1.0,0.6084127261340291,0.04527893866552717,0.05602613949068774,0.2682279709799687,0.022054224729787596
Rolling Hills,City,Rolling Hills,1760.0000000000002,1267.0,12.0,292.99999999999994,120.0,68.0,1.0,0.7198863636363635,0.006818181818181817,0.16647727272727267,0.06818181818181818,0.03863636363636363
Rolling Hills Estates,City,Rolling Hills Estates,8355.625625647006,4719.008200247843,196.1284787018197,2268.6951668807205,800.9627430250027,370.83103679162366,1.0,0.5647701813929024,0.023472626406312067,0.2715170914212719,0.09585909887663036,0.04438100190288371
Rose Hills,City,Rose Hills,3155.4267998622117,687.4736479503961,13.517740268687565,467.32759214605585,1920.484671029969,66.62314846710301,1.0,0.21787025703794366,0.004283965728274173,0.1481028151774786,0.6086291309669521,0.021113831089351286
Rosemead,City,Rosemead,54758.30190068923,2188.2994341221474,102.64542217890082,33206.364299364635,18745.74544764977,515.2472973737866,1.0,0.03996287974909982,0.001874517992998772,0.6064169842152588,0.34233613528862594,0.00940948275401691
Rowland Heights,Unincorporated neighborhood,Rowland Heights,50401.437097032685,5490.670199171296,475.57734848517896,29677.77145475681,13880.6461367107,876.7719579086778,1.0,0.108938762769813,0.009435789451193603,0.5888278819832311,0.27540179280975113,0.01739577298601068
San Dimas,City,San Dimas,34429.213021248615,15965.100960162274,907.1344874588086,4669.73855505627,11589.120085893897,1298.1189326773676,1.0,0.46370798398177504,0.026347813611044612,0.1356330321048656,0.3366071736447029,0.03770399665761195
San Fernando,City,San Fernando,24396.000000000004,1123.0000000000002,355.99999999999983,420.0,22338.0,158.99999999999997,1.0,0.04603213641580587,0.014592556156746999,0.017215937038858826,0.9156419085095916,0.006517461878996555
San Gabriel,City,San Gabriel,40029.419463043865,4714.254182387907,247.63185382394676,24620.262509113563,10028.943106744138,418.32781097432513,1.0,0.11776973649943191,0.0061862464443824,0.6150541986211814,0.2505393093697775,0.010450509065227277
San Marino,City,San Marino,13324.000000000002,4348.000000000001,167.0000000000002,7323.999999999997,1167.9999999999989,317.00000000000006,1.0,0.3263284299009307,0.012533773641549098,0.5496847793455416,0.08766136295406775,0.023791654157910538
San Pasqual,Unincorporated neighborhood,San Pasqual,2017.0,941.0,140.0,325.0000000000001,550.0,60.99999999999999,1.0,0.4665344571145265,0.06941001487357462,0.16113039167079826,0.27268220128904314,0.030242935052057506
San Pedro,Incorporated neighborhood,San Pedro,80921.80440478977,28961.159030705905,5300.75232997878,4957.089137063972,38240.785252907815,3462.018654133321,1.0,0.35789067289991977,0.06550462349385067,0.0612577682062977,0.4725646633090196,0.042782272090912545
Santa Clarita,City,Santa Clarita,182587.07722791945,90611.21170689038,5914.1570388014225,18207.5989678801,60018.83454869183,7835.274965655568,1.0,0.49626300547974916,0.032390885097628844,0.09972008558498341,0.32871348542247397,0.04291253841516377
Santa Fe Springs,City,Santa Fe Springs,17801.122769938935,1401.8787900213654,587.8986160259743,1208.9865221213452,14310.827105655815,291.5317361144214,1.0,0.07875226794057859,0.033025928960996154,0.06791630717602722,0.8039283415213987,0.016377154400998576
Santa Monica,City,Santa Monica,92247.0,60296.999999999774,3633.9999999999945,9268.000000000016,14876.999999999993,4171.000000000003,1.0,0.653647273082049,0.03939423504287396,0.10046939195854626,0.16127353735080807,0.045215562565720326
Sawtelle,Incorporated neighborhood,Sawtelle,40120.432412502996,19245.70060483723,1241.590530480185,8263.537834749286,9210.637280497254,2158.9661619390245,1.0,0.47969823472888506,0.03094658895284638,0.20596831434384205,0.22957472605970425,0.053812135914721886
Sepulveda Basin,Incorporated neighborhood,Sepulveda Basin,268.392575818179,171.9954277022867,9.308270264247088,20.923122335342434,46.69704514695713,19.468710369345665,1.0,0.6408352659456721,0.03468154898052367,0.07795715761346797,0.17398784226651548,0.07253818519382083
Shadow Hills,Incorporated neighborhood,Shadow Hills,13624.21147144179,9317.412215336657,105.00000000000004,1284.1179497902647,2655.8874640408585,261.7938422740117,1.0,0.6838863471010581,0.007706868042975874,0.09425264372047891,0.19493880211768305,0.019215339017804253
Sherman Oaks,Incorporated neighborhood,Sherman Oaks,69984.81592081298,48494.86638240955,3683.8237615321136,5525.544529824871,9196.101394501933,3084.479852544513,1.0,0.6929341135551594,0.052637471615276064,0.07895347665237787,0.13140138004945554,0.044073558127731116
Sierra Madre,City,Sierra Madre,11067.000000000002,7692.999999999999,122.0,1229.9999999999993,1697.0000000000007,324.99999999999994,1.0,0.6951296647691333,0.011023764344447455,0.11114123068582264,0.15333875485678145,0.029366585343814935
Signal Hill,City,Signal Hill,11429.087281795506,2976.4024314214466,1281.0293017456365,2482.255610972568,4321.529613466335,367.87032418952634,1.0,0.2604234579748397,0.11208500470427654,0.21718756273095907,0.3781167740620688,0.0321872005278565
Silver Lake,Incorporated neighborhood,Silver Lake,30158.64920248562,14174.366850806768,1057.6368914019793,4551.623554616931,9473.960835698155,901.0610699617996,1.0,0.4699934256219454,0.03506910685226614,0.15092265983324593,0.31413743938230926,0.02987736831023373
South Diamond Bar,Unincorporated neighborhood,South Diamond Bar,0.0,0.0,0.0,0.0,0.0,0.0,,,,,,
South El Monte,City,South El Monte,21183.457844329176,718.9247101071422,23.185797593945022,3094.970202955749,17219.665196684513,126.71193698781993,1.0,0.033938024442954615,0.0010945237441559558,0.14610316340702018,0.812882642825672,0.005981645580196945
South Gate,City,South Gate,95219.0,2942.999999999998,690.0000000000005,578.0,90790.00000000012,218.00000000000009,1.0,0.030907696993247125,0.007246452913809223,0.006070217078524244,0.9534861739778838,0.0022894590365368267
South Monrovia Island,Unincorporated neighborhood,South Monrovia Island,6343.7591011750965,665.2002860501015,511.6115131639907,686.6179594941267,4390.495519002129,89.83382346474386,1.0,0.10485900795427147,0.08064800459860172,0.10823518808697195,0.6920968228741298,0.014160976486024405
South Park,Incorporated neighborhood,South Park,32737.581394062323,268.0202020202021,3909.640837038403,120.64287772928745,28232.558172666508,206.7193046079456,1.0,0.008186927396805599,0.11942363090229695,0.003685149378541711,0.8623898580909554,0.0063144342314010605
South Pasadena,City,South Pasadena,25939.2320855615,10954.496256684486,661.1636363636367,7648.532620320854,5125.898395721921,1549.1411764705872,1.0,0.4223138225738789,0.025488944089893037,0.29486349461278927,0.19761180203076015,0.05972193669267805
South San Gabriel,Unincorporated neighborhood,South San Gabriel,8331.804742134465,506.85795234212287,52.590419668336715,4305.951410324282,3346.3024171788093,120.10254262091304,1.0,0.06083411313984712,0.006312008177818141,0.5168089679957107,0.4016299614243653,0.014414949262258494
South San Jose Hills,Unincorporated neighborhood,South San Jose Hills,19662.32798200949,787.8277619580864,325.5405807078207,1718.4648092224786,16648.655453486794,181.83937663431988,1.0,0.04006787816167689,0.016556563444861755,0.08739884772519452,0.846728600434286,0.009248110233981352
South Whittier,Unincorporated neighborhood,South Whittier,59572.39760933018,8988.780894792904,445.7336846288862,2510.124512605664,45863.564718734415,1764.1937985683228,1.0,0.150888351913254,0.007482218317818313,0.04213569729166869,0.7698794502028117,0.029614282274447457
Southeast Antelope Valley,Unincorporated area,Southeast Antelope Valley,6163.192395002497,3250.5215776106347,181.04159093756644,254.70099610430782,2257.535288483561,219.39294186644105,1.0,0.5274087468446323,0.029374645367937293,0.041326147194566794,0.36629317142754014,0.03559728916532585
Stevenson Ranch,Unincorporated neighborhood,Stevenson Ranch,18227.756444282742,10137.00005886004,519.0835235880129,3935.221865197425,2790.9718327946757,845.4791638425737,1.0,0.5561298830081515,0.028477642060596376,0.21589172958429195,0.15311658575897213,0.04638415958798725
Studio City,Incorporated neighborhood,Studio City,39784.164316738505,28555.101660353084,2073.168368564747,2935.7885141417437,4647.17175424183,1572.9340194370789,1.0,0.7177504454539722,0.052110391261693464,0.07379289133155327,0.1168095857749766,0.039536686177804016
Sun Valley,Incorporated neighborhood,Sun Valley,75858.63542968997,13771.064534052555,1681.8391247569461,5155.770901046228,53985.681069894286,1264.2797999398465,1.0,0.18153588521660596,0.022170701004973505,0.06796551074036765,0.7116616422652533,0.016666260772798265
Sun Village,Unincorporated neighborhood,Sun Village,11949.9701939451,3078.344353459449,1008.5412934342656,230.67661077298354,7348.548715792222,283.8592204861767,1.0,0.25760268046686907,0.08439697146234564,0.019303530220507535,0.6149428489382877,0.023753968911989803
Sunland,Incorporated neighborhood,Sunland,16151.763206641848,9130.964649032992,499.3994676155596,1523.8783121832294,4475.085311044528,522.435466765539,1.0,0.5653230877776986,0.03091919199324313,0.09434748966333209,0.27706481662660243,0.03234541393912373
Sylmar,Incorporated neighborhood,Sylmar,81697.12450992307,9525.823720811992,2001.0753511020996,4215.463404607367,64834.95443285889,1119.8076005428293,1.0,0.11659925337586353,0.024493828431612002,0.051598675349893736,0.7936014250413909,0.013706817801241163
Tarzana,Incorporated neighborhood,Tarzana,37828.93982339837,24832.20745065064,1445.8973991953326,2649.332185197313,7472.100995031986,1429.4017933230496,1.0,0.6564341365784497,0.038221991045622704,0.0700345343423719,0.19752340483013645,0.03778593320341799
Temple City,City,Temple City,37146.02970875357,6416.847992605197,405.2583773565374,21578.72538800077,8067.8870379284335,677.3109128626459,1.0,0.17274653692243852,0.01090987059812309,0.5809160644405472,0.2171937916699402,0.01823373636895131
Toluca Lake,Incorporated neighborhood,Toluca Lake,9017.133636068766,6163.3340901719075,455.5578981511517,779.1861822899773,1313.8027894907561,305.25267596496917,1.0,0.6835136684143632,0.050521364830272496,0.08641173722580894,0.14570071183546746,0.03385251769408747
Topanga,Unincorporated neighborhood,Topanga,7916.682979158963,6744.591321384158,52.43585194488948,349.9610349106522,535.9622145165413,233.7325564027237,1.0,0.8519466219803937,0.006623462387331829,0.044205513323186105,0.06770035075643256,0.029524051552656028
Torrance,City,Torrance,147307.00000000035,59389.99999999994,3598.000000000006,50689.00000000003,25965.000000000047,7665.000000000004,1.0,0.4031716075950213,0.0244251800661204,0.34410448926391757,0.17626453596909844,0.05203418710584008
Tujunga,Incorporated neighborhood,Tujunga,27439.65646815489,16265.089334706849,553.1714266933835,2021.3938829387214,7733.893550744086,866.1082730718595,1.0,0.5927584900191191,0.020159560938212435,0.07366688009686459,0.2818509612071733,0.03156410773863084
Tujunga Canyons,Unincorporated area,Tujunga Canyons,1922.4562994384905,1281.8519443639118,48.3951132879094,76.55898959390706,420.49384635319984,95.15640583956221,1.0,0.6667781965906399,0.02517358303647506,0.03982352660826066,0.21872738874533446,0.04949730501928986
U.S. Department of Veterans Affairs,Unincorporated neighborhood,U.S. Department of Veterans Affairs,955.1340482573725,363.2332439678285,330.2975871313674,51.756032171581786,178.79356568364608,31.05361930294907,1.0,0.3802955665024632,0.34581280788177354,0.05418719211822663,0.18719211822660098,0.032512315270935975
Unicorporated neighborhood,Within a city,Fairfax,2.8731241473397007,1.7251023192360162,0.123806275579809,0.6149386084583901,0.14529331514324692,0.26398362892223737,1.0,0.6004273504273502,0.04309116809116808,0.21403133903133895,0.05056980056980055,0.09188034188034185
Unincorporated Avocado Heights,Within a city,Avocado Heights,1769.1101765351655,40.83475641542012,0.2913643809969576,132.48247278801216,1592.7397803756296,2.7618025751072968,1.0,0.023082087795908635,0.0001646954411667,0.07488650200830425,0.9003055894998239,0.001561125254796927
Unincorporated Azusa,Within a city,Azusa,0.0,0.0,0.0,0.0,0.0,0.0,,,,,,
Unincorporated Beverly Crest,Within a city,Beverly Crest,11.899114032580734,10.135467276364675,0.16347527865104314,0.5753072306373248,0.6004572735067161,0.4244069734209774,1.0,0.8517833553500663,0.013738441215323648,0.04834874504623514,0.05046235138705417,0.03566710700132101
Unincorporated Bradbury,Within a city,Bradbury,216.23839009287929,117.8452012383901,3.777089783281734,62.13312693498453,28.517027863777088,3.9659442724458214,1.0,0.5449781659388646,0.017467248908296942,0.2873362445414847,0.1318777292576419,0.018340611353711792
Unincorporated Calabasas,Within a city,Calabasas,2048.2730755727616,1560.027213099086,21.341838805434822,235.54239282002175,166.2728469748179,65.08878387340097,1.0,0.7616304836028045,0.01041943042651526,0.11499560074730596,0.08117708959696342,0.03177739562641085
Unincorporated Catalina Island,Unincorporated area,Unincorporated Catalina Island,324.48387096774195,207.96774193548384,0.0,16.258064516129032,92.12903225806451,8.129032258064516,1.0,0.6409185803757828,0.0,0.050104384133611686,0.28392484342379953,0.025052192066805843
Unincorporated Cerritos,Within a city,Cerritos,563.1015089163236,59.16872427983539,27.337448559670772,178.6296296296296,284.3593964334705,13.606310013717414,1.0,0.10507647971624919,0.04854799379295056,0.3172245621813345,0.5049878075814677,0.02416315672799822
Unincorporated Chatsworth,Within a city,Chatsworth,1816.314176690901,1095.184212675332,76.46865183226846,82.43697025776599,428.5695022398471,133.654839685687,1.0,0.6029706901647499,0.04210100477858124,0.04538695525019571,0.23595560049013523,0.07358574931633773
Unincorporated Citrus,Within a city,Citrus,1693.4931636916065,94.14261298898596,50.11393847322446,142.82472464868968,1390.3038359285986,16.108051652107864,1.0,0.05559078418938915,0.029592052420207144,0.08433734939759036,0.8209680828577468,0.009511731135066584
Unincorporated Claremont,Within a city,Claremont,1410.7253499594806,794.5747693746556,41.40006441060651,239.8393698455777,300.9617587905604,33.94938753808032,1.0,0.5632384570089973,0.029346650935134624,0.17001138446435832,0.21333830770050652,0.024065199891003187
Unincorporated Covina,Within a city,Covina,3219.8605298916063,817.0296327680862,73.5388708782718,292.3979293370745,1992.0320387545785,44.86205815359459,1.0,0.25374690151426865,0.022839147905809265,0.09081074370228012,0.6186702871945943,0.013932919683047523
Unincorporated Covina-East,Within a city,Covina,331.16512215669763,122.48946925021063,6.8921651221566975,48.44987363100253,147.46503791069927,5.868576242628476,1.0,0.36987430455388415,0.020811868947043063,0.14630125695446114,0.44529157222336696,0.017720997321244592
Unincorporated Covina-South,Within a city,Covina,1260.390102915923,387.75958458904313,24.080501556201853,201.67590915060063,614.2718374306487,32.6022701894292,1.0,0.30765045178628275,0.01910559397482685,0.16001070516502924,0.48736643996928064,0.025866809104580855
Unincorporated East San Gabriel-East,Within a city,East San Gabriel,1976.2709219858161,358.14751773049636,28.35035460992908,1353.2808510638295,199.52907801418442,36.963120567375896,1.0,0.18122389685854357,0.014345378609043034,0.684764844743054,0.10096241147630287,0.01870346831305611
Unincorporated East San Gabriel-South,Within a city,East San Gabriel,5033.879237288134,613.2689164648909,66.48849878934625,2934.242433414044,1402.3824152542375,17.496973365617432,1.0,0.12182829336114008,0.013208202989224892,0.582898852971846,0.2785888077858882,0.0034758428919012866
Unincorporated Harbor Gateway,Within a city,Harbor Gateway,1.0030567018187375,0.11661317438483874,0.10927709001986856,0.1644505578480819,0.5619746293749045,0.05074125019104386,1.0,0.1162578089288435,0.10894408045101325,0.16394941337802835,0.5602620752704557,0.05058662197165931
Unincorporated Hawthorne,Within a city,Hawthorne,2499.4793589120927,91.834871296746,390.90237979601744,341.96406022340943,1603.4851869839729,71.29286061194755,1.0,0.036741600193376855,0.1563935218757554,0.13681411650954803,0.6415276770606722,0.028523084360647818
Unincorporated Industry-East,Within a city,Industry,0.0,0.0,0.0,0.0,0.0,0.0,,,,,,
Unincorporated La Habra Heights,Within a city,La Habra Heights,733.1977754237288,370.3043525672981,0.9483720712861416,160.57007207544038,184.63089014207375,16.744088567630442,1.0,0.5050538408320896,0.0012934737434767305,0.21899967165427353,0.2518159442523841,0.022837069517776042
Unincorporated La Verne,Within a city,La Verne,1308.3893176203626,569.0852535191647,30.681832606235105,192.953335272869,486.6059173138616,29.062978908232648,1.0,0.4349510087365971,0.02345007880531904,0.14747394577005835,0.37191217534462734,0.02221279134339849
Unincorporated Lakewood-East,Within a city,Lakewood,117.06790776390946,23.2335519356886,10.631478739158027,45.202030886397296,34.083985614554685,3.9168605881108527,1.0,0.1984621778886118,0.09081463009143806,0.386118038237739,0.29114713216957605,0.03345802161263508
Unincorporated Lancaster,Within a city,Lancaster,1932.4667494744886,1039.5097458436842,285.9525128989107,102.30412765144274,426.8494171603287,77.8509459201223,1.0,0.5379185676164242,0.1479727984849789,0.05293965739863992,0.22088318843074808,0.040285788069208926
Unincorporated Lancaster-East,Within a city,Lancaster,58.981760507533714,38.42664551942903,0.34258524980174465,0.0,18.21411578112609,1.998413957176844,1.0,0.6515004840271055,0.005808325266214907,0.0,0.3088092933204259,0.03388189738625363
Unincorporated Lynwood,Within a city,Lynwood,0.0,0.0,0.0,0.0,0.0,0.0,,,,,,
Unincorporated Maywood,Within a city,Maywood,0.0,0.0,0.0,0.0,0.0,0.0,,,,,,
Unincorporated North Long Beach,Within a city,Long Beach,1468.5177865612648,909.6574440052699,30.96179183135705,125.7048748353096,342.7470355731225,59.44664031620553,1.0,0.6194391735188698,0.021083702298123553,0.0855998313303816,0.2333965844402277,0.04048070841239722
Unincorporated Palmdale,Within a city,Palmdale,670.6811399818891,82.49236444778195,52.096719225716114,38.176417163444384,487.5329887847703,10.382650360176397,1.0,0.12299788905650388,0.07767732849491327,0.05692185882023652,0.7269221687043943,0.01548075492395204
Unincorporated Pasadena,Within a city,Pasadena,1117.0995670995674,715.4347557204699,39.77365491651207,165.47804576376,169.16079158936301,27.252319109461972,1.0,0.6404395604395602,0.03560439560439561,0.14813186813186807,0.15142857142857138,0.024395604395604394
Unincorporated Pico Rivera,Within a city,Pico Rivera,0.0,0.0,0.0,0.0,0.0,0.0,,,,,,
Unincorporated Playa Vista,Within a city,Playa Vista,350.96986089644514,158.1236476043277,40.71329211746522,94.15687789799073,45.12751159196291,12.848531684698608,1.0,0.4505334081976418,0.11600224592925322,0.2682762492981471,0.12857944974733296,0.03660864682762493
Unincorporated Pomona,Within a city,Pomona,556.1608892514428,225.87454055165162,34.98133239896615,49.98666162652554,228.05953032122687,17.25882435307267,1.0,0.40613165168026183,0.06289786476364564,0.08987805973520434,0.41006035255046525,0.031032071270423116
Unincorporated Pomona-West,Within a city,Pomona,1451.6421593830335,454.76606683804636,77.23804627249356,391.2431876606684,379.6935732647815,148.7012853470437,1.0,0.31327697662854304,0.05320735952262555,0.26951765290900054,0.26156141223272006,0.10243659870711089
Unincorporated Rolling Hills,Within a city,Rolling Hills,1307.5856697819315,808.5752855659398,16.13032191069574,274.55867082035303,138.6521287642783,69.66926272066459,1.0,0.6183727034120735,0.012335958005249342,0.20997375328083986,0.10603674540682415,0.05328083989501312
Unincorporated Rolling Hills Estates,Within a city,Rolling Hills Estates,675.5529595015578,417.7435098650052,8.333592938733126,141.84839044652128,71.63343717549327,35.994029075804775,1.0,0.6183727034120734,0.012335958005249342,0.20997375328083984,0.10603674540682416,0.05328083989501311
Unincorporated San Dimas,Within a city,San Dimas,327.07122555707144,110.17189631650749,6.0961232378353785,55.908310595725325,145.31292633015002,9.581969076853113,1.0,0.3368437444439249,0.018638518957002078,0.17093619440383864,0.44428526564099724,0.029296276554236753
Unincorporated San Dimas-West,Within a city,San Dimas,329.9893654732364,157.25700106345266,0.22757887274016306,76.01134349521445,90.23502304147465,6.258419000354484,1.0,0.47655172413793107,0.0006896551724137933,0.2303448275862069,0.273448275862069,0.018965517241379314
Unincorporated San Nicholas,Unincorporated area,Unincorporated San Nicholas,5.453510436432637,3.495256166982922,0.0,0.2732447817836812,1.5483870967741935,0.1366223908918406,1.0,0.6409185803757829,0.0,0.05010438413361169,0.2839248434237996,0.025052192066805846
Unincorporated San Pedro,Within a city,San Pedro,1977.0000000000007,638.0000000000001,69.0,77.0,1125.0,68.00000000000001,1.0,0.3227111785533636,0.03490136570561456,0.03894790085988871,0.5690440060698025,0.03439554881133029
Unincorporated Santa Clarita,Within a city,Santa Clarita,15533.045766299334,5000.628472766878,1094.6242763253163,2382.793907349288,6549.140210323811,505.85889953404643,1.0,0.32193483158443376,0.07047067862892833,0.15340158930832637,0.4216262740004859,0.03256662647782597
Unincorporated Santa Monica Mountains,Unincorporated area,Unincorporated Santa Monica Mountains,9902.929588599987,7002.41207906318,279.2975046437329,981.5437769985043,1168.087394576918,471.5888333176508,1.0,0.7071051062631191,0.02820352322460754,0.09911650569831716,0.11795372108083975,0.04762114373311636
Unincorporated Santa Susana Mountains,Unincorporated area,Unincorporated Santa Susana Mountains,4268.7759334538705,2205.4198977059627,93.3639454478695,835.3049020095423,896.2211060681312,238.4660822223649,1.0,0.5166398827407077,0.02187136240067973,0.19567785122272657,0.2099480319509293,0.05586287168495671
Unincorporated South El Monte,Within a city,South El Monte,132.84365781710918,0.5156342182890855,0.0,55.661356932153396,76.66666666666666,0.0,1.0,0.0038815117466802847,0.0,0.41899897854954027,0.5771195097037791,0.0
Unincorporated Vernon,Within a city,Vernon,0.0,0.0,0.0,0.0,0.0,0.0,,,,,,
Unincorporated Watts,Within a city,Watts,2593.9999999999995,0.0,460.0,0.0,2124.0,9.999999999999998,1.0,0.0,0.17733230531996919,0.0,0.8188126445643795,0.0038550501156515036
Unincorporated West Carson,Within a city,Carson,0.0,0.0,0.0,0.0,0.0,0.0,,,,,,
Unincorporated West Covina,Within a city,West Covina,1581.1100574544175,419.9827929882161,20.211394149029726,623.9504895350883,483.53561587618,33.42976490590373,1.0,0.26562527447607737,0.01278304065788438,0.3946281200308388,0.30582034033397454,0.02114322450122514
Unincorporated West Glendora,Within a city,Glendora,568.0981909570539,305.76685308553874,17.986152449168447,77.8290886886908,143.96063595232278,22.555460781333156,1.0,0.538228880064597,0.03166028819572166,0.13699936019436187,0.2534080168602502,0.03970345468506916
Unincorporated West Industry,Within a city,Industry,0.0,0.0,0.0,0.0,0.0,0.0,,,,,,
Unincorporated West Lancaster,Within a city,Lancaster,149.11649724465903,85.1482904767897,20.01820140788834,6.755344833211372,31.710839124443226,5.483821402326387,1.0,0.5710185797691106,0.13424538382928883,0.04530246456988401,0.21265815459985282,0.036775417231863686
Unincorporated West Palmdale,Within a city,Palmdale,0.0,0.0,0.0,0.0,0.0,0.0,,,,,,
Unincorporated West Puente Valley,Within a city,West Puente Valley,1503.7732940376334,53.53888007254591,28.77714803899343,222.18635230106557,1199.2709136250282,0.0,1.0,0.03560302625723186,0.01913662661326213,0.14775255896751224,0.7975077881619936,0.0
Unincorporated West Whittier-Los Nietos,Within a city,West Whittier-Los Nietos,925.3304330630807,139.6464306901325,8.641487047656714,63.77417441170654,694.7755586315998,18.492782281985367,1.0,0.15091520358610389,0.009338812103100488,0.06892043332088159,0.7508404930892792,0.019985057900635043
Unincorporated Whittier,Within a city,Whittier,9.79109874826147,3.3058414464534063,0.13143254520166894,1.0376912378303196,5.231015299026423,0.08511821974965228,1.0,0.33763743288161596,0.013423676809000256,0.10598312452058298,0.5342623369982101,0.008693428790590643
Universal City,Unincorporated neighborhood,Universal City,0.0,0.0,0.0,0.0,0.0,0.0,,,,,,
University Park,Incorporated neighborhood,University Park,25193.681986452608,7225.579685734096,1620.3102909547351,7077.047118844082,8467.218858077858,803.5260328418343,1.0,0.28680125793520395,0.06431415193007613,0.28090563033420923,0.33608500983027945,0.03189394997023119
Val Verde,Unincorporated neighborhood,Val Verde,2611.636012861736,727.7028938906752,99.98971061093248,57.136977491961424,1640.307395498393,86.4990353697749,1.0,0.2786387116378001,0.038286235186873296,0.021877848678213314,0.6280765724703741,0.03312063202673959
Valinda,Unincorporated neighborhood,Valinda,24041.634552884232,1433.9670414117984,415.6650199612081,4078.7237350642076,17922.424320702175,190.8544357448433,1.0,0.0596451559172281,0.017289382676825588,0.16965251368796347,0.7454744510519171,0.007938496666065779
Valley Glen,Incorporated neighborhood,Valley Glen,59957.78929504622,28879.81128958216,2571.0601454679527,3573.942618368231,23406.953616107563,1526.0216255203168,1.0,0.4816690479942069,0.04288116983126288,0.05960764498472785,0.390390537932016,0.025451599257786485
Valley Village,Incorporated neighborhood,Valley Village,27272.17998102839,16214.407675540395,1760.949177799824,1521.389705284531,6681.468370935426,1093.965051468225,1.0,0.5945402122903186,0.064569432257517,0.05578540865977234,0.24499208994599334,0.040112856846399175
Van Nuys,Incorporated neighborhood,Van Nuys,110495.46968217226,24098.88653927973,4865.454957655084,8112.304402981339,71416.44008025185,2002.3837020043493,1.0,0.21809841261906443,0.04403307186846679,0.07341752948166533,0.6463291235891677,0.018121862441636567
Venice,Incorporated neighborhood,Venice,35851.75422180061,24789.02736275205,1964.829214774154,1679.977842276446,5977.2019883692665,1440.717813628683,1.0,0.6914313650984035,0.05480426990039409,0.04685901370078262,0.16671993095207235,0.04018542034834703
Vermont Knolls,Incorporated neighborhood,Vermont Knolls,21185.77294292165,186.2997833338697,7827.599331979762,196.82948235251092,12523.457954430398,451.5863908251115,1.0,0.008793626922925844,0.3694743332267719,0.00929064438115171,0.5911258460180276,0.02131554945112307
Vermont Square,Incorporated neighborhood,Vermont Square,49472.39140212343,602.5102841391005,13642.866731840732,641.7092027141645,33545.87344526085,1039.4317381685444,1.0,0.01217871760517402,0.27576727837852527,0.012971056876919464,0.678072607660947,0.021010339478433428
Vermont Vista,Incorporated neighborhood,Vermont Vista,24148.00000000001,244.00000000000009,7477.000000000004,53.99999999999998,15990.999999999998,382.00000000000006,1.0,0.01010435646844459,0.3096322676826238,0.0022362100380983914,0.6622080503561368,0.015819115454696036
Vermont-Slauson,Incorporated neighborhood,Vermont-Slauson,26943.66715930275,161.13599226133428,6614.8788045563315,141.78536838822762,19805.08150506175,220.78548903508758,1.0,0.00598047739042454,0.24550773899656175,0.005262289188399281,0.7350551574128882,0.008194337011725507
Vernon,City,Vernon,88.0,6.0,14.0,15.0,40.0,13.0,1.0,0.06818181818181818,0.1590909090909091,0.17045454545454544,0.45454545454545453,0.14772727272727273
View Park-Windsor Hills,Unincorporated neighborhood,View Park-Windsor Hills,11601.403446438084,868.9493693373603,9032.19310712382,201.5523183513945,919.0046189376446,579.704032687866,1.0,0.07490036643835096,0.7785431434070957,0.017373097943014473,0.07921495215475863,0.04996844005678031
Vincent,Unincorporated neighborhood,Vincent,16281.73947794656,2467.3039124510665,245.76625914663188,1276.4459908637907,11930.554929833335,361.6683856517298,1.0,0.15153810290313285,0.01509459474397804,0.07839739682561087,0.7327567761413418,0.022213129385936052
Walnut,City,Walnut,30043.527773917875,3265.078996734525,913.4034426457305,18923.237910789976,6189.000833738624,752.8065900090328,1.0,0.1086782824342315,0.030402669404180183,0.6298607158650018,0.20600113542962728,0.025057196866959737
Walnut Park,Unincorporated neighborhood,Walnut Park,15791.000000000005,225.99999999999991,0.0,243.0,15197.000000000005,125.0,1.0,0.01431194984484832,0.0,0.015388512443797095,0.962383636248496,0.007915901462858588
Watts,Incorporated neighborhood,Watts,42568.000000000015,307.99999999999994,10097.999999999996,351.0000000000004,31335.000000000004,476.00000000000017,1.0,0.007235482052245815,0.23722044728434488,0.008245630520578844,0.736116331516632,0.011182108626198083
West Adams,Incorporated neighborhood,West Adams,21484.704272826923,1140.7320239027224,5640.434577062956,392.9625606753582,13993.247292904322,317.3278182815588,1.0,0.05309507682381642,0.26253256760889065,0.018290340685413253,0.651312073706431,0.014769941175448411
West Carson,Unincorporated neighborhood,West Carson,21928.999999999996,3675.999999999998,2666.0000000000005,7167.999999999995,7756.000000000003,663.0000000000001,1.0,0.16763190295955122,0.12157417118883675,0.32687309042819995,0.35368689862738856,0.03023393679602354
West Covina,City,West Covina,107845.18062065166,13690.761656276929,3802.1844561645253,28646.312180532528,59743.190930698096,1962.731396979642,1.0,0.126948293632467,0.03525595148789089,0.2656244072815521,0.5539718194811726,0.018199528116917926
West Hills,Incorporated neighborhood,West Hills,41567.65336246458,25538.126427893814,1318.5589468574385,5932.068175907512,6523.5863856031665,2255.313426202691,1.0,0.6143749854052295,0.03172079345831179,0.14270875779733444,0.15693901045407432,0.054256452885050994
West Hollywood,City,West Hollywood,35652.86547328449,26456.987794955265,1536.407648494709,1867.314347708164,4205.524545701111,1586.631136425278,1.0,0.7420718487488781,0.04309352496914939,0.052374874303087515,0.11795754674620493,0.04450220523268115
West Los Angeles,Incorporated neighborhood,West Los Angeles,14554.25495874868,9749.712658171737,362.16183363575277,2669.825451294097,1260.6840796760707,511.8709359710143,1.0,0.6698874443113356,0.0248835707950859,0.18343951365846065,0.0866196231445199,0.03516984809059735
West Puente Valley,Unincorporated neighborhood,West Puente Valley,23788.90120861046,1188.565624596051,295.4494254684582,2008.9385518629404,19894.225734618947,401.72187206404226,1.0,0.04996303167486552,0.012419633125447568,0.08444856423783875,0.8362818257203984,0.016886945241448896
West Rancho Dominguez,Unincorporated neighborhood,West Rancho Dominguez,22170.23895411938,215.064163861217,10733.607791601049,323.14613361890684,10614.730950430285,283.6899146079255,1.0,0.009700579425701527,0.4841448851234268,0.014575672111051563,0.4787828842258823,0.012795979113937967
West Whittier-Los Nietos,Unincorporated neighborhood,West Whittier-Los Nietos,26336.63529418585,2208.2492580464987,187.9631754847707,420.43500318609773,23186.31947667061,333.66838079789426,1.0,0.08384705310226162,0.00713694719865244,0.015963884470804598,0.8803827526817478,0.012669362546534403
Westchester,Incorporated neighborhood,Westchester,42075.47783429239,21181.42394939327,5682.855102785279,5559.689166756508,7309.492452713031,2342.017162644316,1.0,0.5034149352459634,0.13506335270074185,0.13213609097090862,0.17372333789054778,0.055662283191838725
Westlake,Incorporated neighborhood,Westlake,110063.42374232717,7112.324484477167,4570.177022281942,21397.53721855532,75601.36694134203,1382.0180756706939,1.0,0.06462023661128374,0.04152312245874999,0.1944109722467815,0.6868891078505307,0.012556560832653893
Westlake Village,City,Westlake Village,8489.499999275655,6753.532343065947,176.00013774616852,697.053182938501,658.1032695459518,204.81106597908672,1.0,0.7955159130269362,0.020731508070108404,0.08210768396230347,0.07751967366771928,0.024125221272932647
Westmont,Unincorporated neighborhood,Westmont,32203.29048794379,539.8754509208277,15722.708372887795,86.56977406493259,15330.772166318586,523.3647237516616,1.0,0.01676460519222237,0.48823297665106724,0.002688227592684742,0.47606228848129956,0.016251902082726546
Westwood,Incorporated neighborhood,Westwood,53872.515457136586,29767.465248848945,1077.0651172988378,14946.447708835783,5623.899802674853,2457.637579478184,1.0,0.5525538393048175,0.019992849937660692,0.27744105843225114,0.10439274563203722,0.0456195066932338
Whittier,City,Whittier,86278.38777642164,20761.61336286686,1065.0477627379564,4494.076019291283,58655.392008891824,1302.2586226337585,1.0,0.24063515670538113,0.012344316927871654,0.052088085268086504,0.6798387582402334,0.015093682858427758
Whittier Narrows,Unincorporated neighborhood,Whittier Narrows,553.0972163612447,21.90344448793914,0.15423728813559326,304.3072338428696,219.40164516921192,7.3306555730885075,1.0,0.03960143685415573,0.0002788610818732745,0.5501876068819649,0.3966782668201208,0.013253828361885359
Willowbrook,Unincorporated neighborhood,Willowbrook,22333.826259420868,212.27687425624757,5059.351844506147,156.56683855612857,16608.001983339946,297.62871876239586,1.0,0.009504724886390876,0.22653314240644315,0.007010300731164928,0.7436254670573677,0.013326364918633229
Wilmington,Incorporated neighborhood,Wilmington,56029.088528237146,2455.6244038025584,616.0387667074286,1055.475748443808,51344.27031268849,557.6792965948563,1.0,0.04382767002474063,0.010994981051618603,0.018837996051138273,0.9163859641730985,0.0099533886994039
Windsor Square,Incorporated neighborhood,Windsor Square,5824.094814350723,1919.7377046334395,214.0023952421633,2804.901999714464,559.9723178804173,325.48039688024124,1.0,0.32961992649967775,0.03674431857030482,0.48160307981304007,0.09614752776699836,0.05588514734997943
Winnetka,Incorporated neighborhood,Winnetka,52292.00611891284,12424.95813175161,1772.4355116282395,8432.380147466618,28083.255474094884,1578.976853971495,1.0,0.2376072186539767,0.033894961069148764,0.16125562534914523,0.5370468176384957,0.03019537728923379
Woodland Hills,Incorporated neighborhood,Woodland Hills,68424.18323069991,45527.11856966765,2923.1882429472607,7961.678305612867,8904.107169340234,3108.0909431317464,1.0,0.6653659045686785,0.04272156575243871,0.11635766668590201,0.13013099680443424,0.04542386618854425
